player_name,player_team,element_type,element,round,points,value
Mohamed Salah,Liverpool,3,254,3.0,8.32,12.1
Anthony Martial,Manchester United,4,303,3.0,7.28,9.0
Heung-Min Son,Tottenham,3,390,3.0,6.81,9.0
Bruno Miguel Borges Fernandes,Manchester United,3,302,3.0,6.63,10.5
Marcus Rashford,Manchester United,3,306,3.0,6.51,9.5
Harry Kane,Tottenham,4,388,3.0,6.35,10.5
Kevin De Bruyne,Manchester City,3,272,3.0,6.34,11.6
Dominic Calvert-Lewin,Everton,4,164,3.0,6.23,7.2
Richarlison de Andrade,Everton,4,166,3.0,6.13,8.0
Kai Havertz,Chelsea,3,500,3.0,6.11,8.5
Sadio Mané,Liverpool,3,251,3.0,6.09,11.9
Patrick Bamford,Leeds,4,202,3.0,6.07,5.7
Raúl Jiménez,Wolverhampton Wanderers,4,460,3.0,5.93,8.5
Michail Antonio,West Ham,4,437,3.0,5.92,6.4
Willian Borges Da Silva,Arsenal,3,478,3.0,5.71,8.1
Donny van de Beek,Manchester United,3,495,3.0,5.59,7.0
Mateusz Klich,Leeds,3,198,3.0,5.49,5.6
Phil Foden,Manchester City,3,284,3.0,5.37,6.5
Reece James,Chelsea,2,123,3.0,5.37,5.1
Timo Werner,Chelsea,4,117,3.0,5.34,9.5
Danny Ings,Southampton,4,366,3.0,5.33,8.4
Matheus Pereira,West Bromwich Albion,3,481,3.0,5.26,6.0
Raheem Sterling,Manchester City,3,276,3.0,5.24,11.5
Virgil van Dijk,Liverpool,2,250,3.0,5.12,6.5
Mason Mount,Chelsea,3,120,3.0,5.1,6.9
Alisson Ramses Becker,Liverpool,1,252,3.0,5.07,6.0
Andrew Robertson,Liverpool,2,255,3.0,5.02,7.0
Hélder Wander Sousa de Azevedo e Costa,Leeds,3,205,3.0,5.01,5.6
Gabriel Fernando de Jesus,Manchester City,4,282,3.0,4.97,9.5
Aleksandar Mitrović,Fulham,4,184,3.0,4.96,6.0
James Rodríguez,Everton,3,508,3.0,4.77,7.5
Thiago Alcántara do Nascimento,Liverpool,3,531,3.0,4.75,6.0
Ederson Santana de Moraes,Manchester City,1,278,3.0,4.71,6.0
Lucas Digne,Everton,2,155,3.0,4.69,6.1
Illan Meslier,Leeds,1,213,3.0,4.67,4.5
Nathan Tella,Southampton,3,524,3.0,4.55,4.5
Jorge Luiz Frello Filho,Chelsea,3,105,3.0,4.52,5.0
Wilfried Zaha,Crystal Palace,3,141,3.0,4.51,7.1
Andros Townsend,Crystal Palace,3,137,3.0,4.5,6.0
Kepa Arrizabalaga,Chelsea,1,112,3.0,4.49,5.0
Grady Diangana,West Bromwich Albion,3,446,3.0,4.48,5.5
Georginio Wijnaldum,Liverpool,3,243,3.0,4.42,5.5
Che Adams,Southampton,4,377,3.0,4.39,5.9
David de Gea,Manchester United,1,291,3.0,4.35,5.5
Jamie Vardy,Leicester,4,224,3.0,4.34,10.1
Rui Pedro dos Santos Patrício,Wolverhampton Wanderers,1,455,3.0,4.3,5.5
Mateo Kovacic,Chelsea,3,107,3.0,4.26,5.5
Callum Robinson,West Bromwich Albion,4,358,3.0,4.25,5.5
Neal Maupay,Brighton,4,68,3.0,4.23,6.5
Mason Greenwood,Manchester United,3,315,3.0,4.22,7.5
Riyad Mahrez,Manchester City,3,275,3.0,4.21,8.5
Stuart Dallas,Leeds,2,200,3.0,4.21,4.5
Tomas Soucek,West Ham,3,449,3.0,4.2,5.0
Kyle Walker,Manchester City,2,270,3.0,4.19,6.0
Ollie Watkins,Aston Villa,4,514,3.0,4.19,6.0
Sam Johnstone,West Bromwich Albion,1,417,3.0,4.18,4.5
Daniel Castelo Podence,Wolverhampton Wanderers,3,469,3.0,4.15,5.5
Nathan Aké,Manchester City,2,279,3.0,4.14,5.5
Alexandre Lacazette,Arsenal,4,6,3.0,4.13,8.5
Mohamed Naser El Sayed Elneny,Arsenal,3,526,3.0,4.09,4.5
Bernd Leno,Arsenal,1,8,3.0,4.08,5.0
Jordan Ayew,Crystal Palace,4,140,3.0,4.06,6.0
Callum Wilson,Newcastle United,4,506,3.0,4.04,6.5
John Lundstram,Sheffield United,3,355,3.0,4.04,5.5
Kurt Zouma,Chelsea,2,110,3.0,4.03,5.0
Jack Harrison,Leeds,3,203,3.0,4.02,5.5
Kalvin Phillips,Leeds,3,204,3.0,3.98,5.0
Conor Coady,Wolverhampton Wanderers,2,459,3.0,3.96,5.0
Ashley Westwood,Burnley,3,89,3.0,3.95,5.5
Chris Wood,Burnley,4,91,3.0,3.93,6.5
Trent Alexander-Arnold,Liverpool,2,259,3.0,3.93,7.5
Adama Traoré,Wolverhampton Wanderers,3,465,3.0,3.92,6.5
Daniel Ceballos Fernández,Arsenal,3,501,3.0,3.92,5.0
John Stones,Manchester City,2,273,3.0,3.91,5.0
Lukasz Fabianski,West Ham,1,431,3.0,3.91,5.0
Nick Pope,Burnley,1,96,3.0,3.89,5.5
Fernando Luiz Rosa,Manchester City,2,266,3.0,3.83,5.5
Jack Grealish,Aston Villa,3,37,3.0,3.82,7.0
N'Golo Kanté,Chelsea,3,113,3.0,3.81,5.0
Keinan Davis,Aston Villa,4,50,3.0,3.8,4.5
Jimmy Dunne,Burnley,2,519,3.0,3.79,4.0
Romain Saïss,Wolverhampton Wanderers,2,461,3.0,3.76,5.1
Jordan Pickford,Everton,1,157,3.0,3.74,5.0
Emiliano Martínez,Aston Villa,1,12,3.0,3.71,4.5
Roberto Firmino,Liverpool,4,249,3.0,3.71,9.4
Rodrigo Moreno,Leeds,4,492,3.0,3.71,5.9
Jarrod Bowen,West Ham,3,445,3.0,3.66,6.4
Jeff Hendrick,Newcastle United,3,485,3.0,3.66,5.0
Matt Doherty,Tottenham,2,457,3.0,3.66,6.0
Declan Rice,West Ham,3,448,3.0,3.65,5.0
George Baldock,Sheffield United,2,351,3.0,3.63,5.5
Ezri Konsa Ngoyo,Aston Villa,2,46,3.0,3.6,4.5
Ryan Fredericks,West Ham,2,438,3.0,3.6,4.5
Mahmoud Ahmed Ibrahim Hassan,Aston Villa,3,40,3.0,3.59,5.5
Mamadou Sakho,Crystal Palace,2,127,3.0,3.59,4.5
Oluwasemilogo Adesewo Ibidapo Ajayi,West Bromwich Albion,2,419,3.0,3.58,4.9
Robin Koch,Leeds,2,491,3.0,3.58,4.5
André-Frank Zambo Anguissa,Fulham,3,191,3.0,3.56,4.5
Matej Vydra,Burnley,4,93,3.0,3.52,5.0
Charlie Taylor,Burnley,2,97,3.0,3.51,4.5
Luke Ayling,Leeds,2,197,3.0,3.51,4.5
Marcos Alonso,Chelsea,2,104,3.0,3.51,6.0
Dwight McNeil,Burnley,3,100,3.0,3.49,6.0
Rodrigo Hernandez,Manchester City,3,286,3.0,3.49,5.5
Aaron Ramsdale,Sheffield United,1,483,3.0,3.46,5.0
Denis Odoi,Fulham,2,525,3.0,3.44,4.5
Fabio Henrique Tavares,Liverpool,3,253,3.0,3.42,5.5
Jake Livermore,West Bromwich Albion,3,409,3.0,3.41,5.0
Kasper Schmeichel,Leicester,1,217,3.0,3.41,5.5
Hugo Lloris,Tottenham,1,383,3.0,3.39,5.5
Victor Lindelöf,Manchester United,2,308,3.0,3.39,5.0
Jay Rodriguez,Burnley,4,86,3.0,3.38,6.0
Harry Maguire,Manchester United,2,298,3.0,3.37,5.5
Leandro Trossard,Brighton,3,69,3.0,3.36,6.0
Timothy Castagne,Leicester,2,498,3.0,3.36,5.5
Dara O'Shea,West Bromwich Albion,2,425,3.0,3.32,4.5
Seamus Coleman,Everton,2,152,3.0,3.31,5.0
Granit Xhaka,Arsenal,3,9,3.0,3.29,5.5
Vicente Guaita,Crystal Palace,1,128,3.0,3.27,5.0
Darnell Furlong,West Bromwich Albion,2,422,3.0,3.26,4.5
John McGinn,Aston Villa,3,38,3.0,3.26,5.5
Matt Targett,Aston Villa,2,42,3.0,3.26,4.5
Angelo Ogbonna,West Ham,2,432,3.0,3.25,5.0
Mathew Ryan,Brighton,1,70,3.0,3.25,4.5
Benjamin Chilwell,Chelsea,2,232,3.0,3.23,5.5
Odion Ighalo,Manchester United,4,293,3.0,3.23,6.5
Aaron Cresswell,West Ham,2,435,3.0,3.22,5.0
Jack O'Connell,Sheffield United,2,354,3.0,3.22,5.0
Joe Bryan,Fulham,2,182,3.0,3.22,5.0
Oliver Burke,Sheffield United,3,424,3.0,3.21,4.5
Conor Hourihane,Aston Villa,3,33,3.0,3.17,6.0
David Button,West Bromwich Albion,1,56,3.0,3.17,4.0
Rúben Diogo da Silva Neves,Wolverhampton Wanderers,3,466,3.0,3.17,5.5
Benjamin Mendy,Manchester City,2,274,3.0,3.15,6.0
Dennis Praet,Leicester,3,225,3.0,3.15,5.5
Pierre-Emerick Aubameyang,Arsenal,3,4,3.0,3.15,12.0
Branislav Ivanovic,West Bromwich Albion,2,530,3.0,3.13,4.5
Jeffrey Schlupp,Crystal Palace,3,142,3.0,3.13,5.5
Karl Darlow,Newcastle United,1,325,3.0,3.13,5.0
Kyle Edwards,West Bromwich Albion,3,421,3.0,3.12,5.0
Paul Pogba,Manchester United,3,296,3.0,3.12,8.0
James Ward-Prowse,Southampton,3,370,3.0,3.1,5.9
Andreas Christensen,Chelsea,2,116,3.0,3.09,5.0
Arthur Masuaku,West Ham,2,442,3.0,3.08,4.5
Harvey Barnes,Leicester,3,235,3.0,3.08,7.0
Joel Ward,Crystal Palace,2,134,3.0,3.08,4.5
Pedro Lomba Neto,Wolverhampton Wanderers,3,474,3.0,3.08,5.5
Michy Batshuayi,Crystal Palace,4,108,3.0,3.07,5.9
Thiago Thiago,Chelsea,2,490,3.0,3.04,5.5
Enda Stevens,Sheffield United,2,347,3.0,3.02,5.5
Tyrone Mings,Aston Villa,2,41,3.0,3.02,5.0
Joseph Gomez,Liverpool,2,260,3.0,3.01,5.5
Romaine Sawyers,West Bromwich Albion,3,413,3.0,2.99,5.0
Kenny Tete,Fulham,2,517,3.0,2.95,4.5
Michael Keane,Everton,2,156,3.0,2.95,5.0
Sander Berge,Sheffield United,3,360,3.0,2.94,5.0
Allan Marques Loureiro,Everton,3,502,3.0,2.93,5.5
Liam Cooper,Leeds,2,195,3.0,2.93,4.4
Yerry Mina,Everton,2,162,3.0,2.92,5.5
Christian Pulisic,Chelsea,3,119,3.0,2.9,8.4
John Fleck,Sheffield United,3,346,3.0,2.9,6.0
Harrison Reed,Fulham,3,373,3.0,2.88,4.5
Tariq Lamptey,Brighton,2,77,3.0,2.88,4.5
Tammy Abraham,Chelsea,4,118,3.0,2.87,7.4
Abdoulaye Doucouré,Everton,3,512,3.0,2.86,5.5
Fikayo Tomori,Chelsea,2,121,3.0,2.84,4.9
Miguel Almirón,Newcastle United,3,339,3.0,2.84,6.0
Aaron Connolly,Brighton,4,78,3.0,2.82,5.5
Andy Carroll,Newcastle United,4,320,3.0,2.82,5.5
Luke Shaw,Manchester United,2,300,3.0,2.82,5.0
Rúben Gonçalo Silva Nascimento Vinagre,Wolverhampton Wanderers,2,471,3.0,2.82,4.4
Alphonse Areola,Fulham,1,516,3.0,2.81,4.5
André Filipe Tavares Gomes,Everton,3,158,3.0,2.81,5.5
Kyle Bartley,West Bromwich Albion,2,412,3.0,2.81,4.5
William Smallbone,Southampton,3,379,3.0,2.81,4.5
Ben Davies,Tottenham,2,395,3.0,2.8,5.0
Tyrick Mitchell,Crystal Palace,2,146,3.0,2.8,4.1
Issa Diop,West Ham,2,451,3.0,2.79,4.5
Alex McCarthy,Southampton,1,363,3.0,2.78,4.5
James McCarthy,Crystal Palace,3,131,3.0,2.78,4.5
Ryan Bertrand,Southampton,2,362,3.0,2.77,5.0
Çaglar Söyüncü,Leicester,2,238,3.0,2.77,5.5
James McArthur,Crystal Palace,3,130,3.0,2.76,5.5
João Filipe Iria Santos Moutinho,Wolverhampton Wanderers,3,454,3.0,2.76,5.5
Matthew Cash,Aston Villa,2,496,3.0,2.76,5.0
Olivier Giroud,Chelsea,4,103,3.0,2.75,6.9
Steven Alzate,Brighton,3,79,3.0,2.75,4.5
Bukayo Saka,Arsenal,3,24,3.0,2.74,5.4
Douglas Luiz Soares de Paulo,Aston Villa,3,52,3.0,2.74,5.0
Davinson Sánchez,Tottenham,2,398,3.0,2.73,5.5
Jan Bednarek,Southampton,2,376,3.0,2.71,4.5
Phil Bardsley,Burnley,2,82,3.0,2.71,4.5
Oliver McBurnie,Sheffield United,4,357,3.0,2.7,6.0
Ruben Loftus-Cheek,Chelsea,3,115,3.0,2.68,6.0
Chris Basham,Sheffield United,2,345,3.0,2.66,5.0
Erik Pieters,Burnley,2,83,3.0,2.65,4.5
James Justin,Leicester,2,239,3.0,2.65,4.6
Jamal Lewis,Newcastle United,2,513,3.0,2.64,4.5
Rekeem Harper,West Bromwich Albion,3,426,3.0,2.64,4.5
Héctor Bellerín,Arsenal,2,11,3.0,2.62,5.0
Jamaal Lascelles,Newcastle United,2,328,3.0,2.61,4.5
Pierre-Emile Højbjerg,Tottenham,3,396,3.0,2.61,5.0
Eric Dier,Tottenham,2,391,3.0,2.6,5.0
Moussa Djenepo,Southampton,3,382,3.0,2.59,5.5
Allan Saint-Maximin,Newcastle United,3,338,3.0,2.58,5.5
Edward Nketiah,Arsenal,4,22,3.0,2.58,5.9
Ayoze Pérez,Leicester,3,229,3.0,2.56,6.5
Ivan Ricardo Neves Abreu Cavaleiro,Fulham,3,187,3.0,2.54,5.5
Matt Phillips,West Bromwich Albion,3,411,3.0,2.52,5.4
Daniel James,Manchester United,3,311,3.0,2.51,6.5
Timothy Fosu-Mensah,Manchester United,2,312,3.0,2.51,4.5
Willy Boly,Wolverhampton Wanderers,2,458,3.0,2.51,5.5
Josh Brownhill,Burnley,3,98,3.0,2.5,5.0
Bertrand Traoré,Aston Villa,3,540,3.0,2.48,6.0
Kyle Walker-Peters,Southampton,2,375,3.0,2.48,4.5
Emerson Palmieri dos Santos,Chelsea,2,111,3.0,2.46,5.0
Federico Fernández,Newcastle United,2,323,3.0,2.46,5.0
Oleksandr Zinchenko,Manchester City,2,283,3.0,2.43,5.5
Aaron Wan-Bissaka,Manchester United,2,313,3.0,2.42,5.5
Jack Stephens,Southampton,2,367,3.0,2.4,5.0
Ross Barkley,Chelsea,3,106,3.0,2.4,6.0
Scott Dann,Crystal Palace,2,486,3.0,2.4,4.5
Diogo Jota,Liverpool,3,468,3.0,2.39,6.4
Erik Lamela,Tottenham,3,387,3.0,2.39,5.9
Gabriel Magalhães,Arsenal,2,494,3.0,2.39,5.1
Lucas Rodrigues Moura da Silva,Tottenham,3,392,3.0,2.39,7.0
Rob Holding,Arsenal,2,16,3.0,2.39,4.5
Pablo Fornals,West Ham,3,450,3.0,2.38,6.5
Kieran Gibbs,West Bromwich Albion,2,407,3.0,2.34,4.5
Michael Hector,Fulham,2,178,3.0,2.34,4.5
Pascal Struijk,Leeds,2,211,3.0,2.33,4.0
Ainsley Maitland-Niles,Arsenal,2,15,3.0,2.32,5.0
Cheikhou Kouyaté,Crystal Palace,3,133,3.0,2.31,5.0
Stuart Armstrong,Southampton,3,368,3.0,2.31,5.5
Luka Milivojevic,Crystal Palace,3,138,3.0,2.3,5.9
Eberechi Eze,Crystal Palace,3,489,3.0,2.29,6.0
Willy Caballero,Chelsea,1,101,3.0,2.26,5.0
Dean Henderson,Manchester United,1,305,3.0,2.23,5.5
Ezgjan Alioski,Leeds,2,201,3.0,2.23,4.5
Hal Robson-Kanu,West Bromwich Albion,4,408,3.0,2.23,5.4
Sead Kolasinac,Arsenal,2,14,3.0,2.23,4.9
Adam Lallana,Brighton,3,54,3.0,2.22,6.4
Cengiz Ünder,Leicester,3,541,3.0,2.22,6.0
César Azpilicueta,Chelsea,2,102,3.0,2.22,5.9
Sam Field,West Bromwich Albion,3,423,3.0,2.21,4.9
Youri Tielemans,Leicester,3,228,3.0,2.19,6.5
Yves Bissouma,Brighton,3,76,3.0,2.19,4.5
Billy Sharp,Sheffield United,4,343,3.0,2.18,6.0
Nampalys Mendy,Leicester,3,518,3.0,2.18,4.5
Giovani Lo Celso,Tottenham,3,403,3.0,2.17,6.9
João Pedro Cavaco Cancelo,Manchester City,2,277,3.0,2.17,5.5
Nicolas Pépé,Arsenal,3,18,3.0,2.17,7.8
Wilfred Ndidi,Leicester,3,236,3.0,2.16,5.0
Lewis Dunk,Brighton,2,62,3.0,2.14,5.0
Charlie Austin,West Bromwich Albion,4,415,3.0,2.13,5.4
Jonjo Shelvey,Newcastle United,3,321,3.0,2.13,5.5
Mario Lemina,Fulham,3,493,3.0,2.12,4.5
Harry Winks,Tottenham,3,397,3.0,2.11,5.5
Callum Hudson-Odoi,Chelsea,3,122,3.0,2.1,5.9
Scott McTominay,Manchester United,3,309,3.0,2.1,5.0
Solomon March,Brighton,3,65,3.0,2.1,5.0
Neco Williams,Liverpool,2,264,3.0,2.09,4.0
Ben Osborn,Sheffield United,3,356,3.0,2.08,5.0
Javier Manquillo,Newcastle United,2,332,3.0,2.08,4.5
Kenneth Zohore,West Bromwich Albion,4,416,3.0,2.07,5.0
Fernando Marçal,Wolverhampton Wanderers,2,505,3.0,2.06,5.0
Ilkay Gündogan,Manchester City,3,271,3.0,2.06,5.5
Robbie Brady,Burnley,3,95,3.0,2.05,5.0
Oriol Romeu Vidal,Southampton,3,364,3.0,2.04,4.5
Aymeric Laporte,Manchester City,2,280,3.0,2.01,6.0
James Milner,Liverpool,3,241,3.0,1.98,5.4
Kevin Long,Burnley,2,85,3.0,1.96,4.5
Aboubakar Kamara,Fulham,3,190,3.0,1.95,5.0
Gylfi Sigurdsson,Everton,3,150,3.0,1.95,7.0
Jed Steer,Aston Villa,1,32,3.0,1.94,4.0
Jordan Henderson,Liverpool,3,244,3.0,1.94,5.5
Isaac Hayden,Newcastle United,3,336,3.0,1.92,5.0
Kieran Tierney,Arsenal,2,17,3.0,1.92,5.5
Pablo Hernández Domínguez,Leeds,3,193,3.0,1.92,5.9
Sergio Reguilón,Tottenham,2,542,3.0,1.91,5.5
Shane Long,Southampton,4,361,3.0,1.9,5.5
Fraser Forster,Southampton,1,523,3.0,1.89,4.0
Tommy Doyle,Manchester City,3,285,3.0,1.87,4.5
Divock Origi,Liverpool,4,256,3.0,1.86,5.4
Gareth Bale,Tottenham,3,543,3.0,1.84,9.5
Nicolás Otamendi,Manchester City,2,269,3.0,1.84,5.0
Ferran Torres,Manchester City,3,287,3.0,1.83,7.0
Alex Iwobi,Everton,3,159,3.0,1.81,5.9
Josh Onomah,Fulham,3,188,3.0,1.81,5.0
Oskar Buur,Wolverhampton Wanderers,2,467,3.0,1.79,4.0
Takumi Minamino,Liverpool,3,258,3.0,1.79,6.3
Antonio Rüdiger,Chelsea,2,109,3.0,1.76,4.9
Connor Wickham,Crystal Palace,4,136,3.0,1.76,4.5
Eric Garcia,Manchester City,2,288,3.0,1.76,5.0
Jonathan Leko,West Bromwich Albion,3,420,3.0,1.76,4.5
Adam Webster,Brighton,2,66,3.0,1.75,4.5
James Tarkowski,Burnley,2,81,3.0,1.74,5.5
Neeskens Kebano,Fulham,3,180,3.0,1.74,5.0
Kamil Grosicki,West Bromwich Albion,3,410,3.0,1.72,5.4
Tom Davies,Everton,3,163,3.0,1.72,5.5
David McGoldrick,Sheffield United,4,344,3.0,1.71,5.5
Billy Gilmour,Chelsea,3,124,3.0,1.69,4.5
James Maddison,Leicester,3,231,3.0,1.69,7.0
Steven Bergwijn,Tottenham,3,400,3.0,1.68,7.3
Conor Townsend,West Bromwich Albion,2,418,3.0,1.67,4.5
Naby Keita,Liverpool,3,261,3.0,1.67,5.4
Nathan Redmond,Southampton,3,365,3.0,1.67,6.4
Claudio Bravo,Manchester City,1,267,3.0,1.66,4.5
Tyler Roberts,Leeds,3,206,3.0,1.66,5.0
Tom Cairney,Fulham,3,175,3.0,1.64,5.4
Ahmed El-Sayed Hegazy,West Bromwich Albion,2,414,3.0,1.61,4.4
Moise Kean,Everton,4,169,3.0,1.61,6.0
Ryan Fraser,Newcastle United,3,507,3.0,1.61,6.0
Jean-Philippe Gbamin,Everton,3,161,3.0,1.59,5.0
Mark Noble,West Ham,3,427,3.0,1.59,5.0
Cenk Tosun,Everton,4,153,3.0,1.56,6.0
Ben White,Brighton,2,74,3.0,1.54,4.5
Zack Steffen,Manchester City,1,538,3.0,1.54,4.5
Bernardo Mota Veiga de Carvalho e Silva,Manchester City,3,281,3.0,1.53,7.5
Tanguy Ndombele,Tottenham,3,405,3.0,1.53,6.0
Bamidele Alli,Tottenham,3,394,3.0,1.51,7.8
Theo Walcott,Everton,3,148,3.0,1.5,5.9
Fabio Silva,Wolverhampton Wanderers,4,504,3.0,1.43,5.5
Phil Jagielka,Sheffield United,2,529,3.0,1.43,4.0
Brandon Williams,Manchester United,2,318,3.0,1.4,4.5
Frederico Rodrigues de Paula Santos,Manchester United,3,299,3.0,1.37,5.5
Jonjoe Kenny,Everton,2,160,3.0,1.36,4.5
Mason Holgate,Everton,2,165,3.0,1.34,4.9
Jesse Lingard,Manchester United,3,301,3.0,1.33,6.0
John Egan,Sheffield United,2,353,3.0,1.33,5.0
Sébastien Haller,West Ham,4,441,3.0,1.32,6.4
Mesut Özil,Arsenal,3,1,3.0,1.31,6.9
Sergio Agüero,Manchester City,4,268,3.0,1.31,10.4
Xherdan Shaqiri,Liverpool,3,247,3.0,1.3,6.4
Oliver Norwood,Sheffield United,3,349,3.0,1.28,5.0
Andriy Yarmolenko,West Ham,3,436,3.0,1.26,5.9
Anthony Gordon,Everton,3,168,3.0,1.25,4.5
Fabian Delph,Everton,3,149,3.0,1.25,5.0
Nemanja Matic,Manchester United,3,295,3.0,1.23,5.0
Christian Benteke,Crystal Palace,4,132,3.0,1.22,5.5
Jonas Lössl,Everton,1,151,3.0,1.19,4.5
Leander Dendoncker,Wolverhampton Wanderers,3,464,3.0,1.19,5.0
Tim Ream,Fulham,2,176,3.0,1.19,4.5
Albian Ajeti,West Ham,4,447,3.0,1.18,5.5
Ethan Ampadu,Sheffield United,2,509,3.0,1.17,4.5
David Luiz Moreira Marinho,Arsenal,2,3,3.0,1.16,5.5
Bernard Anício Caldeira Duarte,Everton,3,154,3.0,1.12,5.9
James Garner,Manchester United,3,317,3.0,1.12,4.5
Felipe Anderson Pereira Gomes,West Ham,3,440,3.0,1.11,6.4
Alireza Jahanbakhsh,Brighton,3,71,3.0,1.1,5.5
Toby Alderweireld,Tottenham,2,386,3.0,1.1,5.5
Michael Obafemi,Southampton,4,381,3.0,1.08,5.0
Serge Aurier,Tottenham,2,389,3.0,1.06,5.4
Indiana Vassilev,Aston Villa,4,51,3.0,1.05,4.5
Joelinton Cássio Apolinário de Lira,Newcastle United,4,340,3.0,1.05,5.9
Jonathan Castro Otto,Wolverhampton Wanderers,2,462,3.0,1.04,5.5
Patrick van Aanholt,Crystal Palace,2,139,3.0,1.04,5.5
Curtis Jones,Liverpool,3,263,3.0,1.03,4.5
Chris Smalling,Manchester United,2,292,3.0,1.02,5.0
Andreas Pereira,Manchester United,3,304,3.0,0.99,5.0
Tahith Chong,Manchester United,3,316,3.0,0.96,4.5
Jarrad Branthwaite,Everton,2,170,3.0,0.93,4.0
Axel Tuanzebe,Manchester United,2,307,3.0,0.92,4.5
Marc Albrighton,Leicester,3,221,3.0,0.92,5.5
Phil Jones,Manchester United,2,297,3.0,0.89,5.0
Emile Smith Rowe,Arsenal,3,23,3.0,0.88,4.5
Lucas Torreira,Arsenal,3,19,3.0,0.88,4.9
Morgan Gibbs-White,Wolverhampton Wanderers,3,473,3.0,0.88,5.0
Eric Bailly,Manchester United,2,310,3.0,0.86,5.0
Manuel Lanzini,West Ham,3,439,3.0,0.86,6.5
Brandon Pierrick,Crystal Palace,3,147,3.0,0.85,4.5
José Diogo Dalot Teixeira,Manchester United,2,314,3.0,0.82,5.0
William Saliba,Arsenal,2,27,3.0,0.8,4.4
Jake Vokins,Southampton,2,380,3.0,0.78,4.0
Sergio Romero,Manchester United,1,289,3.0,0.78,5.0
Juan Mata,Manchester United,3,290,3.0,0.77,6.0
Joel Matip,Liverpool,2,246,3.0,0.76,5.5
Cédric Soares,Arsenal,2,5,3.0,0.75,4.9
Marcos Rojo,Manchester United,2,294,3.0,0.74,5.0
Ben Mee,Burnley,2,88,3.0,0.73,5.0
Max Meyer,Crystal Palace,3,143,3.0,0.73,4.9
Alex Oxlade-Chamberlain,Liverpool,3,248,3.0,0.72,6.5
Jairo Riedewald,Crystal Palace,3,144,3.0,0.71,4.5
Marek Rodák,Fulham,1,186,3.0,0.71,4.5
Anwar El Ghazi,Aston Villa,3,45,3.0,0.68,6.0
Joseph Willock,Arsenal,3,20,3.0,0.67,4.9
José Ignacio Peleteiro Romallo,Aston Villa,3,34,3.0,0.67,6.0
Reiss Nelson,Arsenal,3,21,3.0,0.67,5.4
Christian Fuchs,Leicester,2,218,3.0,0.66,4.5
Dan Burn,Brighton,2,61,3.0,0.65,4.5
Fabricio Agosto Ramírez,Fulham,1,171,3.0,0.65,4.0
Jack Cork,Burnley,3,84,3.0,0.65,5.0
Johann Berg Gudmundsson,Burnley,3,90,3.0,0.65,5.5
Luke Thomas,Leicester,2,240,3.0,0.65,4.4
Lys Mousset,Sheffield United,4,359,3.0,0.65,5.9
Marvelous Nakamba,Aston Villa,3,44,3.0,0.65,4.5
Matteo Guendouzi,Arsenal,3,25,3.0,0.65,4.9
Léo Bonatini,Wolverhampton Wanderers,4,463,3.0,0.64,5.0
Harvey Elliott,Liverpool,3,265,3.0,0.62,4.5
Ashley Barnes,Burnley,4,87,3.0,0.61,6.0
Bruno André Cavaco Jordao,Wolverhampton Wanderers,3,475,3.0,0.6,4.5
Jamie Shackleton,Leeds,3,210,3.0,0.6,5.0
Sokratis Papastathopoulos,Arsenal,2,2,3.0,0.6,4.9
Jean Michaël Seri,Fulham,3,189,3.0,0.59,4.9
Robert Snodgrass,West Ham,3,428,3.0,0.57,5.9
Kevin McDonald,Fulham,3,172,3.0,0.56,4.9
Pablo Marí,Arsenal,2,10,3.0,0.56,4.5
Stefan Johansen,Fulham,3,174,3.0,0.55,4.9
Adrián San Miguel del Castillo,Liverpool,1,245,3.0,0.54,4.5
Christian Atsu,Newcastle United,3,330,3.0,0.54,5.4
Darren Randolph,West Ham,1,430,3.0,0.54,4.5
Yan Valery,Southampton,2,378,3.0,0.54,4.9
Ben Gibson,Burnley,2,94,3.0,0.53,4.0
John Ruddy,Wolverhampton Wanderers,1,453,3.0,0.53,4.5
Kortney Hause,Aston Villa,2,39,3.0,0.53,4.5
Matthew Lowton,Burnley,2,92,3.0,0.53,4.5
Sofiane Boufal,Southampton,3,372,3.0,0.53,5.4
Wayne Hennessey,Crystal Palace,1,126,3.0,0.52,4.5
Anthony Knockaert,Fulham,3,177,3.0,0.51,5.4
Martin Kelly,Crystal Palace,2,135,3.0,0.51,4.4
Matt Ritchie,Newcastle United,3,322,3.0,0.51,5.0
Pascal Groß,Brighton,3,57,3.0,0.51,5.9
Ben Johnson,West Ham,2,452,3.0,0.5,4.0
Moussa Sissoko,Tottenham,3,385,3.0,0.5,5.0
Ørjan Nyland,Aston Villa,1,35,3.0,0.5,4.0
Florin Andone,Brighton,4,64,3.0,0.49,4.9
David Martin,West Ham,1,429,3.0,0.48,4.0
Gary Cahill,Crystal Palace,2,125,3.0,0.48,4.5
Jack Wilshere,West Ham,3,434,3.0,0.48,4.9
Shkodran Mustafi,Arsenal,2,7,3.0,0.48,5.0
Simon Moore,Sheffield United,1,348,3.0,0.48,4.5
Jannik Vestergaard,Southampton,2,369,3.0,0.47,4.5
Marcus Bettinelli,Fulham,1,183,3.0,0.47,4.5
Ryan Bennett,Wolverhampton Wanderers,2,456,3.0,0.46,4.5
Angus Gunn,Southampton,1,371,3.0,0.45,4.5
Josh Sims,Southampton,3,374,3.0,0.45,4.5
Cyrus Christie,Fulham,2,179,3.0,0.44,4.5
Maxime Le Marchand,Fulham,2,173,3.0,0.44,4.4
Zeze Steven Sessegnon,Fulham,2,192,3.0,0.44,4.4
Alfie Mawson,Fulham,2,185,3.0,0.43,4.5
Fabián Balbuena,West Ham,2,443,3.0,0.43,4.5
Dale Stephens,Brighton,3,55,3.0,0.42,4.5
Daniel Amartey,Leicester,2,227,3.0,0.42,4.0
Gedson Carvalho Fernandes,Tottenham,3,401,3.0,0.42,5.0
Henri Lansbury,Aston Villa,3,30,3.0,0.42,4.5
Adam Forshaw,Leeds,3,199,3.0,0.41,4.9
Gabriel Teodoro Martinelli Silva,Arsenal,3,26,3.0,0.41,5.0
Harry Wilson,Liverpool,3,257,3.0,0.41,5.4
Mohammed Salisu,Southampton,2,479,3.0,0.41,4.5
Tom Heaton,Aston Villa,1,28,3.0,0.41,4.5
Bernardo Fernandes da Silva Junior,Brighton,2,75,3.0,0.4,4.0
Bjorn Engels,Aston Villa,2,36,3.0,0.4,4.5
Kelland Watts,Newcastle United,2,342,3.0,0.4,4.0
Wesley Moraes,Aston Villa,4,48,3.0,0.4,6.0
Wes Morgan,Leicester,2,216,3.0,0.39,4.4
Demarai Gray,Leicester,3,230,3.0,0.38,5.4
Jordan Hugill,West Ham,4,444,3.0,0.38,5.5
Yoshinori Muto,Newcastle United,4,341,3.0,0.38,5.0
Kelechi Iheanacho,Leicester,4,233,3.0,0.37,5.9
Neil Taylor,Aston Villa,2,31,3.0,0.37,4.5
Alexis Mac Allister,Brighton,3,80,3.0,0.36,5.5
Calum Chambers,Arsenal,2,13,3.0,0.36,4.5
Max Kilman,Wolverhampton Wanderers,2,470,3.0,0.35,4.0
Mbwana Samatta,Aston Villa,4,49,3.0,0.34,6.0
Vitor Ferreira,Wolverhampton Wanderers,3,515,3.0,0.34,5.0
Jonny Evans,Leicester,2,219,3.0,0.33,5.5
Matty James,Leicester,3,222,3.0,0.33,4.5
Adrien Silva,Leicester,3,220,3.0,0.32,4.5
Frédéric Guilbert,Aston Villa,2,47,3.0,0.32,4.5
Jack Robinson,Sheffield United,2,352,3.0,0.31,4.5
Martin Dubravka,Newcastle United,1,326,3.0,0.31,5.0
Ricardo Domingos Barbosa Pereira,Leicester,2,226,3.0,0.31,6.0
Ryan Sessegnon,Tottenham,2,399,3.0,0.31,4.9
Ahmed El Mohamady,Aston Villa,2,29,3.0,0.3,4.5
José Izquierdo,Brighton,3,72,3.0,0.3,5.5
Glenn Murray,Brighton,4,53,3.0,0.29,5.0
Japhet Tanganga,Tottenham,2,402,3.0,0.29,4.9
DeAndre Yedlin,Newcastle United,2,335,3.0,0.28,4.5
Florian Lejeune,Newcastle United,2,327,3.0,0.28,4.4
Luke Freeman,Sheffield United,3,477,3.0,0.28,5.0
Roberto Jimenez Gago,West Ham,1,433,3.0,0.28,4.5
Davy Pröpper,Brighton,3,59,3.0,0.26,5.0
Joe Hart,Tottenham,1,482,3.0,0.26,4.5
Oliver Skipp,Tottenham,3,404,3.0,0.26,4.5
Aaron Mooy,Brighton,3,60,3.0,0.24,5.0
Ciaran Clark,Newcastle United,2,324,3.0,0.24,4.5
Fabian Schär,Newcastle United,2,334,3.0,0.24,5.0
Mark Gillespie,Newcastle United,1,488,3.0,0.24,4.5
Matthew Longstaff,Newcastle United,3,487,3.0,0.24,4.9
James Tomkins,Crystal Palace,2,129,3.0,0.23,4.5
Paulo Gazzaniga,Tottenham,1,393,3.0,0.23,4.5
Dwight Gayle,Newcastle United,4,329,3.0,0.21,6.0
Jacob Murphy,Newcastle United,3,497,3.0,0.2,5.0
Hamza Choudhury,Leicester,3,234,3.0,0.18,5.0
Juan Foyth,Tottenham,2,406,3.0,0.18,4.5
Martín Montoya,Brighton,2,63,3.0,0.18,4.5
Emil Krafth,Newcastle United,2,333,3.0,0.15,4.5
Rolando Aarons,Newcastle United,3,337,3.0,0.15,5.0
Sean Longstaff,Newcastle United,3,480,3.0,0.15,4.9
Danny Rose,Tottenham,2,384,3.0,0.14,4.9
Danny Ward,Leicester,1,223,3.0,0.13,4.5
Paul Dummett,Newcastle United,2,331,3.0,0.13,4.5
Shane Duffy,Brighton,2,58,3.0,0.05,4.5
Mohamed Salah,Liverpool,3,254,4.0,9.54,12.1
Sadio Mané,Liverpool,3,251,4.0,9.4,11.9
Bruno Miguel Borges Fernandes,Manchester United,3,302,4.0,7.81,10.5
Kevin De Bruyne,Manchester City,3,272,4.0,7.61,11.6
Dominic Calvert-Lewin,Everton,4,164,4.0,7.5,7.2
Anthony Martial,Manchester United,4,303,4.0,7.48,9.0
Kai Havertz,Chelsea,3,500,4.0,7.2,8.5
Michail Antonio,West Ham,4,437,4.0,7.14,6.4
Ahmed El-Sayed Hegazy,West Bromwich Albion,2,414,4.0,7.02,4.4
Conor Townsend,West Bromwich Albion,2,418,4.0,7.0,4.5
David Button,West Bromwich Albion,1,56,4.0,6.98,4.0
Richarlison de Andrade,Everton,4,166,4.0,6.98,8.0
Aleksandar Mitrović,Fulham,4,184,4.0,6.95,6.0
Marcus Rashford,Manchester United,3,306,4.0,6.85,9.5
Patrick Bamford,Leeds,4,202,4.0,6.79,5.7
Jonathan Leko,West Bromwich Albion,3,420,4.0,6.77,4.5
Raúl Jiménez,Wolverhampton Wanderers,4,460,4.0,6.73,8.5
Harry Kane,Tottenham,4,388,4.0,6.55,10.5
Heung-Min Son,Tottenham,3,390,4.0,6.4,9.0
Che Adams,Southampton,4,377,4.0,6.34,5.9
Timo Werner,Chelsea,4,117,4.0,6.31,9.5
Neal Maupay,Brighton,4,68,4.0,6.21,6.5
Kenneth Zohore,West Bromwich Albion,4,416,4.0,6.15,5.0
Jamie Vardy,Leicester,4,224,4.0,6.09,10.1
Mateusz Klich,Leeds,3,198,4.0,5.84,5.6
Kamil Grosicki,West Bromwich Albion,3,410,4.0,5.77,5.4
Hélder Wander Sousa de Azevedo e Costa,Leeds,3,205,4.0,5.74,5.6
James Rodríguez,Everton,3,508,4.0,5.71,7.5
Charlie Austin,West Bromwich Albion,4,415,4.0,5.57,5.4
Donny van de Beek,Manchester United,3,495,4.0,5.48,7.0
Lucas Digne,Everton,2,155,4.0,5.47,6.1
Wilfried Zaha,Crystal Palace,3,141,4.0,5.46,7.1
Willian Borges Da Silva,Arsenal,3,478,4.0,5.45,8.1
Matheus Pereira,West Bromwich Albion,3,481,4.0,5.41,6.0
Raheem Sterling,Manchester City,3,276,4.0,5.35,11.5
Callum Robinson,West Bromwich Albion,4,358,4.0,5.3,5.5
Grady Diangana,West Bromwich Albion,3,446,4.0,5.26,5.5
Alisson Ramses Becker,Liverpool,1,252,4.0,5.25,6.0
N'Golo Kanté,Chelsea,3,113,4.0,5.24,5.0
Mason Mount,Chelsea,3,120,4.0,5.17,6.9
Alexandre Lacazette,Arsenal,4,6,4.0,5.16,8.5
Danny Ings,Southampton,4,366,4.0,5.09,8.4
Chris Wood,Burnley,4,91,4.0,5.03,6.5
Leandro Trossard,Brighton,3,69,4.0,5.02,6.0
Ollie Watkins,Aston Villa,4,514,4.0,5.0,6.0
Virgil van Dijk,Liverpool,2,250,4.0,4.97,6.5
Michael Keane,Everton,2,156,4.0,4.89,5.0
Thiago Alcántara do Nascimento,Liverpool,3,531,4.0,4.81,6.0
Trent Alexander-Arnold,Liverpool,2,259,4.0,4.81,7.5
Andrew Robertson,Liverpool,2,255,4.0,4.72,7.0
Charlie Taylor,Burnley,2,97,4.0,4.71,4.5
Emiliano Martínez,Aston Villa,1,12,4.0,4.66,4.5
Adama Traoré,Wolverhampton Wanderers,3,465,4.0,4.65,6.5
David de Gea,Manchester United,1,291,4.0,4.65,5.5
Seamus Coleman,Everton,2,152,4.0,4.65,5.0
Jack Grealish,Aston Villa,3,37,4.0,4.59,7.0
Jordan Ayew,Crystal Palace,4,140,4.0,4.57,6.0
Jorge Luiz Frello Filho,Chelsea,3,105,4.0,4.54,5.0
Kyle Walker-Peters,Southampton,2,375,4.0,4.52,4.5
Moussa Djenepo,Southampton,3,382,4.0,4.5,5.5
Nick Pope,Burnley,1,96,4.0,4.49,5.5
Callum Wilson,Newcastle United,4,506,4.0,4.48,6.5
Daniel Ceballos Fernández,Arsenal,3,501,4.0,4.48,5.0
Vicente Guaita,Crystal Palace,1,128,4.0,4.48,5.0
Kasper Schmeichel,Leicester,1,217,4.0,4.47,5.5
Reece James,Chelsea,2,123,4.0,4.47,5.1
William Smallbone,Southampton,3,379,4.0,4.47,4.5
Phil Foden,Manchester City,3,284,4.0,4.46,6.5
Kepa Arrizabalaga,Chelsea,1,112,4.0,4.45,5.0
Marcos Alonso,Chelsea,2,104,4.0,4.44,6.0
Çaglar Söyüncü,Leicester,2,238,4.0,4.42,5.5
Dwight McNeil,Burnley,3,100,4.0,4.41,6.0
Tyrick Mitchell,Crystal Palace,2,146,4.0,4.39,4.1
Alex McCarthy,Southampton,1,363,4.0,4.34,4.5
Nathan Tella,Southampton,3,524,4.0,4.33,4.5
Allan Marques Loureiro,Everton,3,502,4.0,4.26,5.5
Ryan Bertrand,Southampton,2,362,4.0,4.25,5.0
John Lundstram,Sheffield United,3,355,4.0,4.21,5.5
Harvey Barnes,Leicester,3,235,4.0,4.2,7.0
Jack Harrison,Leeds,3,203,4.0,4.2,5.5
Gabriel Fernando de Jesus,Manchester City,4,282,4.0,4.19,9.5
Jack Stephens,Southampton,2,367,4.0,4.19,5.0
Andros Townsend,Crystal Palace,3,137,4.0,4.18,6.0
Bukayo Saka,Arsenal,3,24,4.0,4.18,5.4
Kurt Zouma,Chelsea,2,110,4.0,4.18,5.0
Georginio Wijnaldum,Liverpool,3,243,4.0,4.17,5.5
Mateo Kovacic,Chelsea,3,107,4.0,4.17,5.5
Riyad Mahrez,Manchester City,3,275,4.0,4.15,8.5
Timothy Castagne,Leicester,2,498,4.0,4.15,5.5
Yerry Mina,Everton,2,162,4.0,4.14,5.5
Jeff Hendrick,Newcastle United,3,485,4.0,4.06,5.0
Kalvin Phillips,Leeds,3,204,4.0,4.05,5.0
Mason Greenwood,Manchester United,3,315,4.0,4.04,7.5
Jordan Pickford,Everton,1,157,4.0,4.0,5.0
James McCarthy,Crystal Palace,3,131,4.0,3.98,4.5
John McGinn,Aston Villa,3,38,4.0,3.98,5.5
Sam Johnstone,West Bromwich Albion,1,417,4.0,3.98,4.5
Rui Pedro dos Santos Patrício,Wolverhampton Wanderers,1,455,4.0,3.96,5.5
Mahmoud Ahmed Ibrahim Hassan,Aston Villa,3,40,4.0,3.94,5.5
Oluwasemilogo Adesewo Ibidapo Ajayi,West Bromwich Albion,2,419,4.0,3.94,4.9
Jimmy Dunne,Burnley,2,519,4.0,3.92,4.0
Jake Livermore,West Bromwich Albion,3,409,4.0,3.91,5.0
Ashley Westwood,Burnley,3,89,4.0,3.9,5.5
Pierre-Emerick Aubameyang,Arsenal,3,4,4.0,3.9,12.0
Ryan Fredericks,West Ham,2,438,4.0,3.9,4.5
Ederson Santana de Moraes,Manchester City,1,278,4.0,3.88,6.0
Jarrod Bowen,West Ham,3,445,4.0,3.83,6.4
Mamadou Sakho,Crystal Palace,2,127,4.0,3.8,4.5
James Justin,Leicester,2,239,4.0,3.78,4.6
Ezri Konsa Ngoyo,Aston Villa,2,46,4.0,3.77,4.5
Granit Xhaka,Arsenal,3,9,4.0,3.77,5.5
Bernd Leno,Arsenal,1,8,4.0,3.74,5.0
Illan Meslier,Leeds,1,213,4.0,3.73,4.5
Rodrigo Hernandez,Manchester City,3,286,4.0,3.73,5.5
Harry Maguire,Manchester United,2,298,4.0,3.72,5.5
James Ward-Prowse,Southampton,3,370,4.0,3.72,5.9
Matt Targett,Aston Villa,2,42,4.0,3.67,4.5
André-Frank Zambo Anguissa,Fulham,3,191,4.0,3.66,4.5
Keinan Davis,Aston Villa,4,50,4.0,3.66,4.5
Kyle Edwards,West Bromwich Albion,3,421,4.0,3.66,5.0
Conor Coady,Wolverhampton Wanderers,2,459,4.0,3.65,5.0
Jack O'Connell,Sheffield United,2,354,4.0,3.61,5.0
Jamaal Lascelles,Newcastle United,2,328,4.0,3.61,4.5
Matt Doherty,Tottenham,2,457,4.0,3.61,6.0
Aaron Ramsdale,Sheffield United,1,483,4.0,3.6,5.0
Fabio Henrique Tavares,Liverpool,3,253,4.0,3.6,5.5
Jan Bednarek,Southampton,2,376,4.0,3.6,4.5
Stuart Dallas,Leeds,2,200,4.0,3.6,4.5
Dara O'Shea,West Bromwich Albion,2,425,4.0,3.57,4.5
George Baldock,Sheffield United,2,351,4.0,3.55,5.5
Rob Holding,Arsenal,2,16,4.0,3.55,4.5
Luke Ayling,Leeds,2,197,4.0,3.52,4.5
Enda Stevens,Sheffield United,2,347,4.0,3.51,5.5
Joel Ward,Crystal Palace,2,134,4.0,3.5,4.5
Tomas Soucek,West Ham,3,449,4.0,3.5,5.0
Kyle Walker,Manchester City,2,270,4.0,3.48,6.0
Hugo Lloris,Tottenham,1,383,4.0,3.46,5.5
Joe Bryan,Fulham,2,182,4.0,3.46,5.0
Stuart Armstrong,Southampton,3,368,4.0,3.46,5.5
Nathan Aké,Manchester City,2,279,4.0,3.45,5.5
Gabriel Magalhães,Arsenal,2,494,4.0,3.42,5.1
Aaron Connolly,Brighton,4,78,4.0,3.41,5.5
Kenny Tete,Fulham,2,517,4.0,3.4,4.5
Mohamed Naser El Sayed Elneny,Arsenal,3,526,4.0,3.39,4.5
Fernando Luiz Rosa,Manchester City,2,266,4.0,3.38,5.5
Daniel Castelo Podence,Wolverhampton Wanderers,3,469,4.0,3.36,5.5
Héctor Bellerín,Arsenal,2,11,4.0,3.35,5.0
Conor Hourihane,Aston Villa,3,33,4.0,3.34,6.0
Wilfred Ndidi,Leicester,3,236,4.0,3.34,5.0
Benjamin Mendy,Manchester City,2,274,4.0,3.33,6.0
Roberto Firmino,Liverpool,4,249,4.0,3.33,9.4
Phil Bardsley,Burnley,2,82,4.0,3.32,4.5
Karl Darlow,Newcastle United,1,325,4.0,3.31,5.0
Paul Pogba,Manchester United,3,296,4.0,3.27,8.0
Darnell Furlong,West Bromwich Albion,2,422,4.0,3.26,4.5
Davinson Sánchez,Tottenham,2,398,4.0,3.26,5.5
Jeffrey Schlupp,Crystal Palace,3,142,4.0,3.26,5.5
Kyle Bartley,West Bromwich Albion,2,412,4.0,3.26,4.5
Tyrone Mings,Aston Villa,2,41,4.0,3.26,5.0
Romain Saïss,Wolverhampton Wanderers,2,461,4.0,3.25,5.1
Daniel James,Manchester United,3,311,4.0,3.24,6.5
Edward Nketiah,Arsenal,4,22,4.0,3.24,5.9
Jamal Lewis,Newcastle United,2,513,4.0,3.24,4.5
Mathew Ryan,Brighton,1,70,4.0,3.23,4.5
Rúben Gonçalo Silva Nascimento Vinagre,Wolverhampton Wanderers,2,471,4.0,3.23,4.4
Shane Long,Southampton,4,361,4.0,3.23,5.5
Alphonse Areola,Fulham,1,516,4.0,3.22,4.5
Matej Vydra,Burnley,4,93,4.0,3.2,5.0
Harrison Reed,Fulham,3,373,4.0,3.19,4.5
Jay Rodriguez,Burnley,4,86,4.0,3.19,6.0
Timothy Fosu-Mensah,Manchester United,2,312,4.0,3.19,4.5
Josh Brownhill,Burnley,3,98,4.0,3.16,5.0
Matthew Cash,Aston Villa,2,496,4.0,3.16,5.0
Victor Lindelöf,Manchester United,2,308,4.0,3.13,5.0
Federico Fernández,Newcastle United,2,323,4.0,3.1,5.0
Romaine Sawyers,West Bromwich Albion,3,413,4.0,3.1,5.0
Allan Saint-Maximin,Newcastle United,3,338,4.0,3.08,5.5
Dennis Praet,Leicester,3,225,4.0,3.06,5.5
Oliver Burke,Sheffield United,3,424,4.0,3.04,4.5
Sead Kolasinac,Arsenal,2,14,4.0,3.02,4.9
Joseph Gomez,Liverpool,2,260,4.0,3.0,5.5
Rekeem Harper,West Bromwich Albion,3,426,4.0,3.0,4.5
John Fleck,Sheffield United,3,346,4.0,2.99,6.0
Rodrigo Moreno,Leeds,4,492,4.0,2.98,5.9
Erik Lamela,Tottenham,3,387,4.0,2.96,5.9
Yves Bissouma,Brighton,3,76,4.0,2.96,4.5
Ayoze Pérez,Leicester,3,229,4.0,2.95,6.5
Naby Keita,Liverpool,3,261,4.0,2.95,5.4
Declan Rice,West Ham,3,448,4.0,2.94,5.0
Sam Field,West Bromwich Albion,3,423,4.0,2.94,4.9
André Filipe Tavares Gomes,Everton,3,158,4.0,2.93,5.5
Matt Phillips,West Bromwich Albion,3,411,4.0,2.92,5.4
Hal Robson-Kanu,West Bromwich Albion,4,408,4.0,2.91,5.4
John Stones,Manchester City,2,273,4.0,2.9,5.0
Rúben Diogo da Silva Neves,Wolverhampton Wanderers,3,466,4.0,2.9,5.5
Aaron Wan-Bissaka,Manchester United,2,313,4.0,2.89,5.5
Pedro Lomba Neto,Wolverhampton Wanderers,3,474,4.0,2.89,5.5
Denis Odoi,Fulham,2,525,4.0,2.86,4.5
Scott McTominay,Manchester United,3,309,4.0,2.85,5.0
Andy Carroll,Newcastle United,4,320,4.0,2.84,5.5
Douglas Luiz Soares de Paulo,Aston Villa,3,52,4.0,2.84,5.0
Solomon March,Brighton,3,65,4.0,2.84,5.0
Erik Pieters,Burnley,2,83,4.0,2.82,4.5
César Azpilicueta,Chelsea,2,102,4.0,2.81,5.9
Adam Lallana,Brighton,3,54,4.0,2.8,6.4
Robin Koch,Leeds,2,491,4.0,2.79,4.5
Andreas Christensen,Chelsea,2,116,4.0,2.77,5.0
Javier Manquillo,Newcastle United,2,332,4.0,2.77,4.5
Willy Boly,Wolverhampton Wanderers,2,458,4.0,2.77,5.5
Tammy Abraham,Chelsea,4,118,4.0,2.74,7.4
Oriol Romeu Vidal,Southampton,3,364,4.0,2.69,4.5
Bertrand Traoré,Aston Villa,3,540,4.0,2.68,6.0
Luke Shaw,Manchester United,2,300,4.0,2.66,5.0
Lukasz Fabianski,West Ham,1,431,4.0,2.65,5.0
Tariq Lamptey,Brighton,2,77,4.0,2.63,4.5
Miguel Almirón,Newcastle United,3,339,4.0,2.62,6.0
Steven Alzate,Brighton,3,79,4.0,2.62,4.5
Christian Pulisic,Chelsea,3,119,4.0,2.61,8.4
Jed Steer,Aston Villa,1,32,4.0,2.6,4.0
João Filipe Iria Santos Moutinho,Wolverhampton Wanderers,3,454,4.0,2.59,5.5
Kieran Gibbs,West Bromwich Albion,2,407,4.0,2.59,4.5
Michy Batshuayi,Crystal Palace,4,108,4.0,2.59,5.9
Chris Basham,Sheffield United,2,345,4.0,2.56,5.0
Dean Henderson,Manchester United,1,305,4.0,2.56,5.5
Pierre-Emile Højbjerg,Tottenham,3,396,4.0,2.54,5.0
Youri Tielemans,Leicester,3,228,4.0,2.54,6.5
James McArthur,Crystal Palace,3,130,4.0,2.52,5.5
Jordan Henderson,Liverpool,3,244,4.0,2.5,5.5
Pablo Fornals,West Ham,3,450,4.0,2.5,6.5
Angelo Ogbonna,West Ham,2,432,4.0,2.45,5.0
Eberechi Eze,Crystal Palace,3,489,4.0,2.44,6.0
Fikayo Tomori,Chelsea,2,121,4.0,2.44,4.9
Nampalys Mendy,Leicester,3,518,4.0,2.44,4.5
Abdoulaye Doucouré,Everton,3,512,4.0,2.43,5.5
Ben Davies,Tottenham,2,395,4.0,2.43,5.0
Bernardo Fernandes da Silva Junior,Brighton,2,75,4.0,2.43,4.0
Giovani Lo Celso,Tottenham,3,403,4.0,2.41,6.9
Nicolas Pépé,Arsenal,3,18,4.0,2.41,7.8
Adam Webster,Brighton,2,66,4.0,2.39,4.5
Cheikhou Kouyaté,Crystal Palace,3,133,4.0,2.39,5.0
Michael Obafemi,Southampton,4,381,4.0,2.39,5.0
Lucas Rodrigues Moura da Silva,Tottenham,3,392,4.0,2.38,7.0
Aaron Cresswell,West Ham,2,435,4.0,2.37,5.0
Dale Stephens,Brighton,3,55,4.0,2.36,4.5
Ben White,Brighton,2,74,4.0,2.35,4.5
Eric Dier,Tottenham,2,391,4.0,2.35,5.0
Michael Hector,Fulham,2,178,4.0,2.35,4.5
Odion Ighalo,Manchester United,4,293,4.0,2.33,6.5
Thiago Thiago,Chelsea,2,490,4.0,2.32,5.5
Scott Dann,Crystal Palace,2,486,4.0,2.31,4.5
Moise Kean,Everton,4,169,4.0,2.28,6.0
Harry Winks,Tottenham,3,397,4.0,2.27,5.5
Jonjo Shelvey,Newcastle United,3,321,4.0,2.24,5.5
James Milner,Liverpool,3,241,4.0,2.23,5.4
Ivan Ricardo Neves Abreu Cavaleiro,Fulham,3,187,4.0,2.21,5.5
Issa Diop,West Ham,2,451,4.0,2.16,4.5
James Maddison,Leicester,3,231,4.0,2.15,7.0
Pablo Hernández Domínguez,Leeds,3,193,4.0,2.15,5.9
Robbie Brady,Burnley,3,95,4.0,2.15,5.0
Oskar Buur,Wolverhampton Wanderers,2,467,4.0,2.14,4.0
Sander Berge,Sheffield United,3,360,4.0,2.13,5.0
Isaac Hayden,Newcastle United,3,336,4.0,2.12,5.0
Neeskens Kebano,Fulham,3,180,4.0,2.1,5.0
Alireza Jahanbakhsh,Brighton,3,71,4.0,2.07,5.5
John Egan,Sheffield United,2,353,4.0,2.07,5.0
Aboubakar Kamara,Fulham,3,190,4.0,2.06,5.0
Luka Milivojevic,Crystal Palace,3,138,4.0,2.06,5.9
Oliver McBurnie,Sheffield United,4,357,4.0,2.05,6.0
Antonio Rüdiger,Chelsea,2,109,4.0,2.04,4.9
Branislav Ivanovic,West Bromwich Albion,2,530,4.0,2.03,4.5
Josh Onomah,Fulham,3,188,4.0,2.02,5.0
Kevin Long,Burnley,2,85,4.0,2.02,4.5
Cengiz Ünder,Leicester,3,541,4.0,2.0,6.0
David McGoldrick,Sheffield United,4,344,4.0,2.0,5.5
Ethan Ampadu,Sheffield United,2,509,4.0,2.0,4.5
Liam Cooper,Leeds,2,195,4.0,1.97,4.4
Ezgjan Alioski,Leeds,2,201,4.0,1.96,4.5
Nathan Redmond,Southampton,3,365,4.0,1.96,6.4
Takumi Minamino,Liverpool,3,258,4.0,1.96,6.3
Arthur Masuaku,West Ham,2,442,4.0,1.94,4.5
Sofiane Boufal,Southampton,3,372,4.0,1.94,5.4
Steven Bergwijn,Tottenham,3,400,4.0,1.94,7.3
Emerson Palmieri dos Santos,Chelsea,2,111,4.0,1.88,5.0
James Tarkowski,Burnley,2,81,4.0,1.88,5.5
Dan Burn,Brighton,2,61,4.0,1.86,4.5
Ruben Loftus-Cheek,Chelsea,3,115,4.0,1.84,6.0
Felipe Anderson Pereira Gomes,West Ham,3,440,4.0,1.82,6.4
Curtis Jones,Liverpool,3,263,4.0,1.8,4.5
Bamidele Alli,Tottenham,3,394,4.0,1.78,7.8
Frederico Rodrigues de Paula Santos,Manchester United,3,299,4.0,1.77,5.5
Fernando Marçal,Wolverhampton Wanderers,2,505,4.0,1.76,5.0
Lewis Dunk,Brighton,2,62,4.0,1.76,5.0
José Ignacio Peleteiro Romallo,Aston Villa,3,34,4.0,1.75,6.0
Josh Sims,Southampton,3,374,4.0,1.74,4.5
Sergio Reguilón,Tottenham,2,542,4.0,1.74,5.5
Alex Iwobi,Everton,3,159,4.0,1.7,5.9
Gareth Bale,Tottenham,3,543,4.0,1.7,9.5
Pascal Struijk,Leeds,2,211,4.0,1.69,4.0
Fraser Forster,Southampton,1,523,4.0,1.67,4.0
Jannik Vestergaard,Southampton,2,369,4.0,1.66,4.5
Xherdan Shaqiri,Liverpool,3,247,4.0,1.61,6.4
Divock Origi,Liverpool,4,256,4.0,1.57,5.4
Jake Vokins,Southampton,2,380,4.0,1.56,4.0
Indiana Vassilev,Aston Villa,4,51,4.0,1.55,4.5
Ben Osborn,Sheffield United,3,356,4.0,1.54,5.0
Jean-Philippe Gbamin,Everton,3,161,4.0,1.54,5.0
Toby Alderweireld,Tottenham,2,386,4.0,1.54,5.5
Kieran Tierney,Arsenal,2,17,4.0,1.53,5.5
Mason Holgate,Everton,2,165,4.0,1.53,4.9
Fabian Delph,Everton,3,149,4.0,1.51,5.0
Gylfi Sigurdsson,Everton,3,150,4.0,1.51,7.0
Olivier Giroud,Chelsea,4,103,4.0,1.51,6.9
Benjamin Chilwell,Chelsea,2,232,4.0,1.48,5.5
Ferran Torres,Manchester City,3,287,4.0,1.48,7.0
Sébastien Haller,West Ham,4,441,4.0,1.47,6.4
Florin Andone,Brighton,4,64,4.0,1.46,4.9
Jesse Lingard,Manchester United,3,301,4.0,1.45,6.0
Mark Noble,West Ham,3,427,4.0,1.45,5.0
Willy Caballero,Chelsea,1,101,4.0,1.45,5.0
Tyler Roberts,Leeds,3,206,4.0,1.44,5.0
Billy Gilmour,Chelsea,3,124,4.0,1.42,4.5
Brandon Williams,Manchester United,2,318,4.0,1.42,4.5
David Luiz Moreira Marinho,Arsenal,2,3,4.0,1.41,5.5
Harry Wilson,Liverpool,3,257,4.0,1.41,5.4
Callum Hudson-Odoi,Chelsea,3,122,4.0,1.4,5.9
Leander Dendoncker,Wolverhampton Wanderers,3,464,4.0,1.4,5.0
João Pedro Cavaco Cancelo,Manchester City,2,277,4.0,1.39,5.5
Pascal Groß,Brighton,3,57,4.0,1.37,5.9
Ross Barkley,Chelsea,3,106,4.0,1.37,6.0
Marc Albrighton,Leicester,3,221,4.0,1.35,5.5
Yan Valery,Southampton,2,378,4.0,1.35,4.9
Diogo Jota,Liverpool,3,468,4.0,1.31,6.4
Billy Sharp,Sheffield United,4,343,4.0,1.27,6.0
Nemanja Matic,Manchester United,3,295,4.0,1.27,5.0
Joel Matip,Liverpool,2,246,4.0,1.26,5.5
Ainsley Maitland-Niles,Arsenal,2,15,4.0,1.25,5.0
Jarrad Branthwaite,Everton,2,170,4.0,1.25,4.0
Mbwana Samatta,Aston Villa,4,49,4.0,1.25,6.0
Ryan Fraser,Newcastle United,3,507,4.0,1.23,6.0
Connor Wickham,Crystal Palace,4,136,4.0,1.21,4.5
José Izquierdo,Brighton,3,72,4.0,1.21,5.5
Mario Lemina,Fulham,3,493,4.0,1.2,4.5
Mesut Özil,Arsenal,3,1,4.0,1.2,6.9
Alex Oxlade-Chamberlain,Liverpool,3,248,4.0,1.19,6.5
Andriy Yarmolenko,West Ham,3,436,4.0,1.19,5.9
Vitor Ferreira,Wolverhampton Wanderers,3,515,4.0,1.17,5.0
Wesley Moraes,Aston Villa,4,48,4.0,1.17,6.0
Alexis Mac Allister,Brighton,3,80,4.0,1.16,5.5
Fabio Silva,Wolverhampton Wanderers,4,504,4.0,1.15,5.5
Oleksandr Zinchenko,Manchester City,2,283,4.0,1.15,5.5
Juan Mata,Manchester United,3,290,4.0,1.14,6.0
Tom Davies,Everton,3,163,4.0,1.13,5.5
Anwar El Ghazi,Aston Villa,3,45,4.0,1.11,6.0
Tanguy Ndombele,Tottenham,3,405,4.0,1.11,6.0
Cenk Tosun,Everton,4,153,4.0,1.1,6.0
Glenn Murray,Brighton,4,53,4.0,1.07,5.0
Harvey Elliott,Liverpool,3,265,4.0,1.07,4.5
Andreas Pereira,Manchester United,3,304,4.0,1.06,5.0
James Garner,Manchester United,3,317,4.0,1.05,4.5
Mohammed Salisu,Southampton,2,479,4.0,1.04,4.5
Bruno André Cavaco Jordao,Wolverhampton Wanderers,3,475,4.0,1.03,4.5
Jonas Lössl,Everton,1,151,4.0,1.02,4.5
Serge Aurier,Tottenham,2,389,4.0,1.02,5.4
Angus Gunn,Southampton,1,371,4.0,1.01,4.5
Sergio Agüero,Manchester City,4,268,4.0,1.01,10.4
Theo Walcott,Everton,3,148,4.0,1.01,5.9
Aymeric Laporte,Manchester City,2,280,4.0,1.0,6.0
Oliver Norwood,Sheffield United,3,349,4.0,1.0,5.0
José Diogo Dalot Teixeira,Manchester United,2,314,4.0,0.99,5.0
Neco Williams,Liverpool,2,264,4.0,0.99,4.0
Lys Mousset,Sheffield United,4,359,4.0,0.97,5.9
Patrick van Aanholt,Crystal Palace,2,139,4.0,0.94,5.5
Eric Bailly,Manchester United,2,310,4.0,0.93,5.0
Albian Ajeti,West Ham,4,447,4.0,0.92,5.5
Kelland Watts,Newcastle United,2,342,4.0,0.92,4.0
Yoshinori Muto,Newcastle United,4,341,4.0,0.92,5.0
Ben Johnson,West Ham,2,452,4.0,0.91,4.0
Chris Smalling,Manchester United,2,292,4.0,0.9,5.0
Christian Benteke,Crystal Palace,4,132,4.0,0.9,5.5
Brandon Pierrick,Crystal Palace,3,147,4.0,0.89,4.5
Phil Jagielka,Sheffield United,2,529,4.0,0.89,4.0
Henri Lansbury,Aston Villa,3,30,4.0,0.86,4.5
Marcos Rojo,Manchester United,2,294,4.0,0.85,5.0
Adrián San Miguel del Castillo,Liverpool,1,245,4.0,0.84,4.5
Anthony Gordon,Everton,3,168,4.0,0.84,4.5
Léo Bonatini,Wolverhampton Wanderers,4,463,4.0,0.83,5.0
Joelinton Cássio Apolinário de Lira,Newcastle United,4,340,4.0,0.82,5.9
Morgan Gibbs-White,Wolverhampton Wanderers,3,473,4.0,0.82,5.0
Bernard Anício Caldeira Duarte,Everton,3,154,4.0,0.81,5.9
Darren Randolph,West Ham,1,430,4.0,0.81,4.5
Jack Cork,Burnley,3,84,4.0,0.81,5.0
Reiss Nelson,Arsenal,3,21,4.0,0.8,5.4
Sergio Romero,Manchester United,1,289,4.0,0.79,5.0
Jonjoe Kenny,Everton,2,160,4.0,0.78,4.5
Eric Garcia,Manchester City,2,288,4.0,0.77,5.0
Tahith Chong,Manchester United,3,316,4.0,0.77,4.5
William Saliba,Arsenal,2,27,4.0,0.77,4.4
Aaron Mooy,Brighton,3,60,4.0,0.75,5.0
Phil Jones,Manchester United,2,297,4.0,0.75,5.0
Tom Cairney,Fulham,3,175,4.0,0.75,5.4
Cédric Soares,Arsenal,2,5,4.0,0.74,4.9
Jamie Shackleton,Leeds,3,210,4.0,0.74,5.0
Ørjan Nyland,Aston Villa,1,35,4.0,0.74,4.0
Ilkay Gündogan,Manchester City,3,271,4.0,0.73,5.5
Nicolás Otamendi,Manchester City,2,269,4.0,0.73,5.0
Tommy Doyle,Manchester City,3,285,4.0,0.71,4.5
Bernardo Mota Veiga de Carvalho e Silva,Manchester City,3,281,4.0,0.7,7.5
David Martin,West Ham,1,429,4.0,0.7,4.0
Pablo Marí,Arsenal,2,10,4.0,0.7,4.5
Axel Tuanzebe,Manchester United,2,307,4.0,0.69,4.5
Marvelous Nakamba,Aston Villa,3,44,4.0,0.68,4.5
Adam Forshaw,Leeds,3,199,4.0,0.66,4.9
Ben Mee,Burnley,2,88,4.0,0.66,5.0
Fabián Balbuena,West Ham,2,443,4.0,0.66,4.5
Kortney Hause,Aston Villa,2,39,4.0,0.66,4.5
Gabriel Teodoro Martinelli Silva,Arsenal,3,26,4.0,0.64,5.0
Lucas Torreira,Arsenal,3,19,4.0,0.64,4.9
Matteo Guendouzi,Arsenal,3,25,4.0,0.64,4.9
Johann Berg Gudmundsson,Burnley,3,90,4.0,0.63,5.5
Tim Ream,Fulham,2,176,4.0,0.63,4.5
Wes Morgan,Leicester,2,216,4.0,0.62,4.4
Ashley Barnes,Burnley,4,87,4.0,0.61,6.0
Jordan Hugill,West Ham,4,444,4.0,0.61,5.5
Martin Dubravka,Newcastle United,1,326,4.0,0.6,5.0
Neil Taylor,Aston Villa,2,31,4.0,0.6,4.5
Emile Smith Rowe,Arsenal,3,23,4.0,0.59,4.5
Wayne Hennessey,Crystal Palace,1,126,4.0,0.59,4.5
Marek Rodák,Fulham,1,186,4.0,0.58,4.5
Moussa Sissoko,Tottenham,3,385,4.0,0.58,5.0
Ahmed El Mohamady,Aston Villa,2,29,4.0,0.57,4.5
Jack Wilshere,West Ham,3,434,4.0,0.56,4.9
Martin Kelly,Crystal Palace,2,135,4.0,0.55,4.4
John Ruddy,Wolverhampton Wanderers,1,453,4.0,0.53,4.5
Bjorn Engels,Aston Villa,2,36,4.0,0.52,4.5
Davy Pröpper,Brighton,3,59,4.0,0.52,5.0
Luke Freeman,Sheffield United,3,477,4.0,0.52,5.0
Joseph Willock,Arsenal,3,20,4.0,0.5,4.9
Matthew Lowton,Burnley,2,92,4.0,0.5,4.5
Max Meyer,Crystal Palace,3,143,4.0,0.5,4.9
Calum Chambers,Arsenal,2,13,4.0,0.49,4.5
Christian Fuchs,Leicester,2,218,4.0,0.49,4.5
DeAndre Yedlin,Newcastle United,2,335,4.0,0.49,4.5
Roberto Jimenez Gago,West Ham,1,433,4.0,0.49,4.5
Tom Heaton,Aston Villa,1,28,4.0,0.49,4.5
Demarai Gray,Leicester,3,230,4.0,0.47,5.4
Gedson Carvalho Fernandes,Tottenham,3,401,4.0,0.47,5.0
Sean Longstaff,Newcastle United,3,480,4.0,0.47,4.9
Jacob Murphy,Newcastle United,3,497,4.0,0.46,5.0
Jonathan Castro Otto,Wolverhampton Wanderers,2,462,4.0,0.46,5.5
Dwight Gayle,Newcastle United,4,329,4.0,0.45,6.0
Martín Montoya,Brighton,2,63,4.0,0.45,4.5
Shane Duffy,Brighton,2,58,4.0,0.45,4.5
Shkodran Mustafi,Arsenal,2,7,4.0,0.45,5.0
Christian Atsu,Newcastle United,3,330,4.0,0.44,5.4
Fabricio Agosto Ramírez,Fulham,1,171,4.0,0.44,4.0
Luke Thomas,Leicester,2,240,4.0,0.44,4.4
Matt Ritchie,Newcastle United,3,322,4.0,0.43,5.0
Sokratis Papastathopoulos,Arsenal,2,2,4.0,0.43,4.9
Frédéric Guilbert,Aston Villa,2,47,4.0,0.42,4.5
Rolando Aarons,Newcastle United,3,337,4.0,0.42,5.0
Manuel Lanzini,West Ham,3,439,4.0,0.41,6.5
Marcus Bettinelli,Fulham,1,183,4.0,0.41,4.5
Ryan Bennett,Wolverhampton Wanderers,2,456,4.0,0.41,4.5
Cyrus Christie,Fulham,2,179,4.0,0.4,4.5
Florian Lejeune,Newcastle United,2,327,4.0,0.4,4.4
Kelechi Iheanacho,Leicester,4,233,4.0,0.4,5.9
Matthew Longstaff,Newcastle United,3,487,4.0,0.4,4.9
Maxime Le Marchand,Fulham,2,173,4.0,0.4,4.4
Robert Snodgrass,West Ham,3,428,4.0,0.4,5.9
Zeze Steven Sessegnon,Fulham,2,192,4.0,0.4,4.4
Alfie Mawson,Fulham,2,185,4.0,0.39,4.5
Ciaran Clark,Newcastle United,2,324,4.0,0.39,4.5
Mark Gillespie,Newcastle United,1,488,4.0,0.39,4.5
Fabian Schär,Newcastle United,2,334,4.0,0.38,5.0
Ryan Sessegnon,Tottenham,2,399,4.0,0.38,4.9
Zack Steffen,Manchester City,1,538,4.0,0.38,4.5
Claudio Bravo,Manchester City,1,267,4.0,0.37,4.5
Jean Michaël Seri,Fulham,3,189,4.0,0.36,4.9
Kevin McDonald,Fulham,3,172,4.0,0.36,4.9
Stefan Johansen,Fulham,3,174,4.0,0.36,4.9
Danny Rose,Tottenham,2,384,4.0,0.35,4.9
Adrien Silva,Leicester,3,220,4.0,0.34,4.5
Joe Hart,Tottenham,1,482,4.0,0.34,4.5
Max Kilman,Wolverhampton Wanderers,2,470,4.0,0.34,4.0
Paul Dummett,Newcastle United,2,331,4.0,0.34,4.5
Anthony Knockaert,Fulham,3,177,4.0,0.33,5.4
Juan Foyth,Tottenham,2,406,4.0,0.33,4.5
Emil Krafth,Newcastle United,2,333,4.0,0.32,4.5
Jairo Riedewald,Crystal Palace,3,144,4.0,0.31,4.5
Gary Cahill,Crystal Palace,2,125,4.0,0.29,4.5
Ben Gibson,Burnley,2,94,4.0,0.28,4.0
Hamza Choudhury,Leicester,3,234,4.0,0.28,5.0
Matty James,Leicester,3,222,4.0,0.28,4.5
Oliver Skipp,Tottenham,3,404,4.0,0.28,4.5
Ricardo Domingos Barbosa Pereira,Leicester,2,226,4.0,0.28,6.0
Jack Robinson,Sheffield United,2,352,4.0,0.26,4.5
James Tomkins,Crystal Palace,2,129,4.0,0.24,4.5
Japhet Tanganga,Tottenham,2,402,4.0,0.24,4.9
Simon Moore,Sheffield United,1,348,4.0,0.24,4.5
Daniel Amartey,Leicester,2,227,4.0,0.21,4.0
Jonny Evans,Leicester,2,219,4.0,0.21,5.5
Paulo Gazzaniga,Tottenham,1,393,4.0,0.2,4.5
Danny Ward,Leicester,1,223,4.0,0.19,4.5
Sadio Mané,Liverpool,3,251,5.0,9.56,11.9
Mohamed Salah,Liverpool,3,254,5.0,9.55,12.1
Raúl Jiménez,Wolverhampton Wanderers,4,460,5.0,9.23,8.5
Bruno Miguel Borges Fernandes,Manchester United,3,302,5.0,7.58,10.5
Anthony Martial,Manchester United,4,303,5.0,7.46,9.0
Kevin De Bruyne,Manchester City,3,272,5.0,7.45,11.6
Dominic Calvert-Lewin,Everton,4,164,5.0,7.24,7.2
Aleksandar Mitrović,Fulham,4,184,5.0,7.19,6.0
Michail Antonio,West Ham,4,437,5.0,7.13,6.4
Conor Townsend,West Bromwich Albion,2,418,5.0,7.11,4.5
Patrick Bamford,Leeds,4,202,5.0,7.08,5.7
Jonathan Leko,West Bromwich Albion,3,420,5.0,7.06,4.5
Ahmed El-Sayed Hegazy,West Bromwich Albion,2,414,5.0,7.05,4.4
David Button,West Bromwich Albion,1,56,5.0,7.01,4.0
Branislav Ivanovic,West Bromwich Albion,2,530,5.0,6.99,4.5
Rekeem Harper,West Bromwich Albion,3,426,5.0,6.94,4.5
Harry Kane,Tottenham,4,388,5.0,6.87,10.5
Heung-Min Son,Tottenham,3,390,5.0,6.8,9.0
Richarlison de Andrade,Everton,4,166,5.0,6.8,8.0
Kai Havertz,Chelsea,3,500,5.0,6.76,8.5
Wilfried Zaha,Crystal Palace,3,141,5.0,6.63,7.1
Neal Maupay,Brighton,4,68,5.0,6.55,6.5
Alisson Ramses Becker,Liverpool,1,252,5.0,6.52,6.0
Hélder Wander Sousa de Azevedo e Costa,Leeds,3,205,5.0,6.5,5.6
Che Adams,Southampton,4,377,5.0,6.46,5.9
Raheem Sterling,Manchester City,3,276,5.0,6.43,11.5
Naby Keita,Liverpool,3,261,5.0,6.4,5.4
Marcus Rashford,Manchester United,3,306,5.0,6.33,9.5
Danny Ings,Southampton,4,366,5.0,6.32,8.4
Thiago Alcántara do Nascimento,Liverpool,3,531,5.0,6.29,6.0
Kenneth Zohore,West Bromwich Albion,4,416,5.0,6.22,5.0
Timo Werner,Chelsea,4,117,5.0,6.22,9.5
Mateusz Klich,Leeds,3,198,5.0,6.06,5.6
Jamie Vardy,Leicester,4,224,5.0,6.04,10.1
Kamil Grosicki,West Bromwich Albion,3,410,5.0,5.98,5.4
Phil Foden,Manchester City,3,284,5.0,5.97,6.5
Chris Wood,Burnley,4,91,5.0,5.96,6.5
John Lundstram,Sheffield United,3,355,5.0,5.86,5.5
Mason Mount,Chelsea,3,120,5.0,5.76,6.9
Seamus Coleman,Everton,2,152,5.0,5.75,5.0
James Rodríguez,Everton,3,508,5.0,5.74,7.5
Callum Robinson,West Bromwich Albion,4,358,5.0,5.66,5.5
Reece James,Chelsea,2,123,5.0,5.65,5.1
Trent Alexander-Arnold,Liverpool,2,259,5.0,5.63,7.5
Charlie Austin,West Bromwich Albion,4,415,5.0,5.62,5.4
Lucas Digne,Everton,2,155,5.0,5.58,6.1
Hal Robson-Kanu,West Bromwich Albion,4,408,5.0,5.57,5.4
Sam Johnstone,West Bromwich Albion,1,417,5.0,5.57,4.5
Allan Marques Loureiro,Everton,3,502,5.0,5.54,5.5
Donny van de Beek,Manchester United,3,495,5.0,5.52,7.0
Jimmy Dunne,Burnley,2,519,5.0,5.5,4.0
Callum Wilson,Newcastle United,4,506,5.0,5.47,6.5
Ollie Watkins,Aston Villa,4,514,5.0,5.44,6.0
Grady Diangana,West Bromwich Albion,3,446,5.0,5.43,5.5
Virgil van Dijk,Liverpool,2,250,5.0,5.39,6.5
Matheus Pereira,West Bromwich Albion,3,481,5.0,5.32,6.0
Andrew Robertson,Liverpool,2,255,5.0,5.28,7.0
Nick Pope,Burnley,1,96,5.0,5.21,5.5
Emiliano Martínez,Aston Villa,1,12,5.0,5.19,4.5
Mason Greenwood,Manchester United,3,315,5.0,5.19,7.5
Kyle Walker-Peters,Southampton,2,375,5.0,5.16,4.5
Yerry Mina,Everton,2,162,5.0,5.16,5.5
Mateo Kovacic,Chelsea,3,107,5.0,5.1,5.5
Charlie Taylor,Burnley,2,97,5.0,5.08,4.5
Kepa Arrizabalaga,Chelsea,1,112,5.0,5.04,5.0
Michael Keane,Everton,2,156,5.0,5.04,5.0
Ederson Santana de Moraes,Manchester City,1,278,5.0,5.02,6.0
Ryan Bertrand,Southampton,2,362,5.0,4.98,5.0
Jorge Luiz Frello Filho,Chelsea,3,105,5.0,4.96,5.0
Willian Borges Da Silva,Arsenal,3,478,5.0,4.95,8.1
Alex McCarthy,Southampton,1,363,5.0,4.94,4.5
Moussa Djenepo,Southampton,3,382,5.0,4.94,5.5
André-Frank Zambo Anguissa,Fulham,3,191,5.0,4.93,4.5
Adama Traoré,Wolverhampton Wanderers,3,465,5.0,4.91,6.5
Jack Stephens,Southampton,2,367,5.0,4.91,5.0
Gabriel Fernando de Jesus,Manchester City,4,282,5.0,4.89,9.5
Ryan Fredericks,West Ham,2,438,5.0,4.86,4.5
Jack Grealish,Aston Villa,3,37,5.0,4.84,7.0
James Ward-Prowse,Southampton,3,370,5.0,4.79,5.9
Andros Townsend,Crystal Palace,3,137,5.0,4.75,6.0
Dwight McNeil,Burnley,3,100,5.0,4.75,6.0
Vicente Guaita,Crystal Palace,1,128,5.0,4.74,5.0
Harvey Barnes,Leicester,3,235,5.0,4.73,7.0
Leandro Trossard,Brighton,3,69,5.0,4.73,6.0
Daniel Ceballos Fernández,Arsenal,3,501,5.0,4.72,5.0
Allan Saint-Maximin,Newcastle United,3,338,5.0,4.66,5.5
Jay Rodriguez,Burnley,4,86,5.0,4.65,6.0
Nathan Tella,Southampton,3,524,5.0,4.59,4.5
Rui Pedro dos Santos Patrício,Wolverhampton Wanderers,1,455,5.0,4.58,5.5
Timothy Castagne,Leicester,2,498,5.0,4.57,5.5
Dara O'Shea,West Bromwich Albion,2,425,5.0,4.53,4.5
Jan Bednarek,Southampton,2,376,5.0,4.5,4.5
Conor Hourihane,Aston Villa,3,33,5.0,4.49,6.0
Kurt Zouma,Chelsea,2,110,5.0,4.49,5.0
N'Golo Kanté,Chelsea,3,113,5.0,4.48,5.0
Jarrod Bowen,West Ham,3,445,5.0,4.47,6.4
George Baldock,Sheffield United,2,351,5.0,4.45,5.5
Jordan Ayew,Crystal Palace,4,140,5.0,4.35,6.0
Georginio Wijnaldum,Liverpool,3,243,5.0,4.34,5.5
Jack Harrison,Leeds,3,203,5.0,4.34,5.5
Conor Coady,Wolverhampton Wanderers,2,459,5.0,4.3,5.0
Kalvin Phillips,Leeds,3,204,5.0,4.3,5.0
Stuart Dallas,Leeds,2,200,5.0,4.3,4.5
Matej Vydra,Burnley,4,93,5.0,4.29,5.0
Ashley Westwood,Burnley,3,89,5.0,4.28,5.5
Roberto Firmino,Liverpool,4,249,5.0,4.26,9.4
Kyle Walker,Manchester City,2,270,5.0,4.25,6.0
Aaron Ramsdale,Sheffield United,1,483,5.0,4.2,5.0
David de Gea,Manchester United,1,291,5.0,4.2,5.5
Matt Doherty,Tottenham,2,457,5.0,4.2,6.0
Enda Stevens,Sheffield United,2,347,5.0,4.18,5.5
Angelo Ogbonna,West Ham,2,432,5.0,4.17,5.0
Nathan Aké,Manchester City,2,279,5.0,4.17,5.5
Oluwasemilogo Adesewo Ibidapo Ajayi,West Bromwich Albion,2,419,5.0,4.17,4.9
Joe Bryan,Fulham,2,182,5.0,4.16,5.0
Rodrigo Moreno,Leeds,4,492,5.0,4.15,5.9
Kyle Bartley,West Bromwich Albion,2,412,5.0,4.14,4.5
Oliver Burke,Sheffield United,3,424,5.0,4.13,4.5
Jake Livermore,West Bromwich Albion,3,409,5.0,4.11,5.0
Jordan Henderson,Liverpool,3,244,5.0,4.11,5.5
Kenny Tete,Fulham,2,517,5.0,4.1,4.5
Harry Maguire,Manchester United,2,298,5.0,4.09,5.5
André Filipe Tavares Gomes,Everton,3,158,5.0,4.08,5.5
Tammy Abraham,Chelsea,4,118,5.0,4.08,7.4
Yves Bissouma,Brighton,3,76,5.0,4.08,4.5
Divock Origi,Liverpool,4,256,5.0,4.04,5.4
Mahmoud Ahmed Ibrahim Hassan,Aston Villa,3,40,5.0,4.04,5.5
Hugo Lloris,Tottenham,1,383,5.0,3.99,5.5
Jeff Hendrick,Newcastle United,3,485,5.0,3.99,5.0
Matt Targett,Aston Villa,2,42,5.0,3.99,4.5
Tyrone Mings,Aston Villa,2,41,5.0,3.99,5.0
Fernando Luiz Rosa,Manchester City,2,266,5.0,3.96,5.5
Pierre-Emerick Aubameyang,Arsenal,3,4,5.0,3.96,12.0
Tyrick Mitchell,Crystal Palace,2,146,5.0,3.96,4.1
William Smallbone,Southampton,3,379,5.0,3.96,4.5
Jeffrey Schlupp,Crystal Palace,3,142,5.0,3.95,5.5
Erik Pieters,Burnley,2,83,5.0,3.94,4.5
Ezri Konsa Ngoyo,Aston Villa,2,46,5.0,3.93,4.5
Illan Meslier,Leeds,1,213,5.0,3.93,4.5
Alexandre Lacazette,Arsenal,4,6,5.0,3.91,8.5
Marcos Alonso,Chelsea,2,104,5.0,3.91,6.0
John Stones,Manchester City,2,273,5.0,3.9,5.0
Karl Darlow,Newcastle United,1,325,5.0,3.9,5.0
Jack O'Connell,Sheffield United,2,354,5.0,3.87,5.0
Mamadou Sakho,Crystal Palace,2,127,5.0,3.87,4.5
Aaron Connolly,Brighton,4,78,5.0,3.84,5.5
Josh Brownhill,Burnley,3,98,5.0,3.83,5.0
Ross Barkley,Chelsea,3,106,5.0,3.82,6.0
John McGinn,Aston Villa,3,38,5.0,3.8,5.5
Luke Ayling,Leeds,2,197,5.0,3.8,4.5
Tomas Soucek,West Ham,3,449,5.0,3.8,5.0
Stuart Armstrong,Southampton,3,368,5.0,3.79,5.5
Alphonse Areola,Fulham,1,516,5.0,3.77,4.5
Darnell Furlong,West Bromwich Albion,2,422,5.0,3.75,4.5
Phil Bardsley,Burnley,2,82,5.0,3.75,4.5
James Milner,Liverpool,3,241,5.0,3.73,5.4
John Fleck,Sheffield United,3,346,5.0,3.73,6.0
Fabio Henrique Tavares,Liverpool,3,253,5.0,3.72,5.5
Jamaal Lascelles,Newcastle United,2,328,5.0,3.72,4.5
Douglas Luiz Soares de Paulo,Aston Villa,3,52,5.0,3.71,5.0
Matthew Cash,Aston Villa,2,496,5.0,3.69,5.0
Lukasz Fabianski,West Ham,1,431,5.0,3.68,5.0
Mathew Ryan,Brighton,1,70,5.0,3.66,4.5
Issa Diop,West Ham,2,451,5.0,3.64,4.5
Odion Ighalo,Manchester United,4,293,5.0,3.64,6.5
Victor Lindelöf,Manchester United,2,308,5.0,3.64,5.0
Dennis Praet,Leicester,3,225,5.0,3.63,5.5
Joel Ward,Crystal Palace,2,134,5.0,3.63,4.5
Davinson Sánchez,Tottenham,2,398,5.0,3.59,5.5
Jamal Lewis,Newcastle United,2,513,5.0,3.58,4.5
Edward Nketiah,Arsenal,4,22,5.0,3.54,5.9
Kieran Gibbs,West Bromwich Albion,2,407,5.0,3.52,4.5
Harrison Reed,Fulham,3,373,5.0,3.51,4.5
Jordan Pickford,Everton,1,157,5.0,3.51,5.0
Rodrigo Hernandez,Manchester City,3,286,5.0,3.51,5.5
Daniel Castelo Podence,Wolverhampton Wanderers,3,469,5.0,3.49,5.5
Oriol Romeu Vidal,Southampton,3,364,5.0,3.49,4.5
Takumi Minamino,Liverpool,3,258,5.0,3.49,6.3
Federico Fernández,Newcastle United,2,323,5.0,3.48,5.0
Paul Pogba,Manchester United,3,296,5.0,3.48,8.0
Romain Saïss,Wolverhampton Wanderers,2,461,5.0,3.48,5.1
Keinan Davis,Aston Villa,4,50,5.0,3.46,4.5
Xherdan Shaqiri,Liverpool,3,247,5.0,3.46,6.4
Aaron Cresswell,West Ham,2,435,5.0,3.43,5.0
Benjamin Mendy,Manchester City,2,274,5.0,3.42,6.0
Adam Webster,Brighton,2,66,5.0,3.4,4.5
Granit Xhaka,Arsenal,3,9,5.0,3.39,5.5
Lucas Rodrigues Moura da Silva,Tottenham,3,392,5.0,3.37,7.0
Ayoze Pérez,Leicester,3,229,5.0,3.36,6.5
Declan Rice,West Ham,3,448,5.0,3.31,5.0
Kasper Schmeichel,Leicester,1,217,5.0,3.3,5.5
Andreas Christensen,Chelsea,2,116,5.0,3.29,5.0
João Filipe Iria Santos Moutinho,Wolverhampton Wanderers,3,454,5.0,3.29,5.5
Robbie Brady,Burnley,3,95,5.0,3.28,5.0
Arthur Masuaku,West Ham,2,442,5.0,3.25,4.5
Kevin Long,Burnley,2,85,5.0,3.24,4.5
Nampalys Mendy,Leicester,3,518,5.0,3.23,4.5
Scott McTominay,Manchester United,3,309,5.0,3.23,5.0
Bukayo Saka,Arsenal,3,24,5.0,3.22,5.4
Matt Phillips,West Bromwich Albion,3,411,5.0,3.22,5.4
Chris Basham,Sheffield United,2,345,5.0,3.2,5.0
Andy Carroll,Newcastle United,4,320,5.0,3.19,5.5
Shane Long,Southampton,4,361,5.0,3.18,5.5
Kyle Edwards,West Bromwich Albion,3,421,5.0,3.15,5.0
Christian Pulisic,Chelsea,3,119,5.0,3.14,8.4
Liam Cooper,Leeds,2,195,5.0,3.13,4.4
Lewis Dunk,Brighton,2,62,5.0,3.12,5.0
Tariq Lamptey,Brighton,2,77,5.0,3.12,4.5
Rob Holding,Arsenal,2,16,5.0,3.11,4.5
James McCarthy,Crystal Palace,3,131,5.0,3.08,4.5
Luke Shaw,Manchester United,2,300,5.0,3.08,5.0
Denis Odoi,Fulham,2,525,5.0,3.07,4.5
Willy Boly,Wolverhampton Wanderers,2,458,5.0,3.05,5.5
Romaine Sawyers,West Bromwich Albion,3,413,5.0,3.04,5.0
Abdoulaye Doucouré,Everton,3,512,5.0,3.02,5.5
Pablo Fornals,West Ham,3,450,5.0,3.01,6.5
Pierre-Emile Højbjerg,Tottenham,3,396,5.0,3.0,5.0
Sander Berge,Sheffield United,3,360,5.0,2.98,5.0
Moise Kean,Everton,4,169,5.0,2.97,6.0
Steven Alzate,Brighton,3,79,5.0,2.97,4.5
Ben White,Brighton,2,74,5.0,2.96,4.5
Solomon March,Brighton,3,65,5.0,2.94,5.0
Timothy Fosu-Mensah,Manchester United,2,312,5.0,2.94,4.5
Youri Tielemans,Leicester,3,228,5.0,2.94,6.5
Pedro Lomba Neto,Wolverhampton Wanderers,3,474,5.0,2.91,5.5
Robin Koch,Leeds,2,491,5.0,2.91,4.5
Erik Lamela,Tottenham,3,387,5.0,2.89,5.9
Rúben Gonçalo Silva Nascimento Vinagre,Wolverhampton Wanderers,2,471,5.0,2.89,4.4
Rúben Diogo da Silva Neves,Wolverhampton Wanderers,3,466,5.0,2.87,5.5
James Justin,Leicester,2,239,5.0,2.86,4.6
Oliver McBurnie,Sheffield United,4,357,5.0,2.86,6.0
Daniel James,Manchester United,3,311,5.0,2.85,6.5
Curtis Jones,Liverpool,3,263,5.0,2.84,4.5
Gabriel Magalhães,Arsenal,2,494,5.0,2.83,5.1
Ben Davies,Tottenham,2,395,5.0,2.81,5.0
Thiago Thiago,Chelsea,2,490,5.0,2.81,5.5
Alex Oxlade-Chamberlain,Liverpool,3,248,5.0,2.79,6.5
Miguel Almirón,Newcastle United,3,339,5.0,2.78,6.0
Bernd Leno,Arsenal,1,8,5.0,2.75,5.0
Çaglar Söyüncü,Leicester,2,238,5.0,2.75,5.5
César Azpilicueta,Chelsea,2,102,5.0,2.74,5.9
Giovani Lo Celso,Tottenham,3,403,5.0,2.73,6.9
Sam Field,West Bromwich Albion,3,423,5.0,2.73,4.9
John Egan,Sheffield United,2,353,5.0,2.71,5.0
David McGoldrick,Sheffield United,4,344,5.0,2.7,5.5
Javier Manquillo,Newcastle United,2,332,5.0,2.7,4.5
Joseph Gomez,Liverpool,2,260,5.0,2.68,5.5
Neco Williams,Liverpool,2,264,5.0,2.68,4.0
Eric Dier,Tottenham,2,391,5.0,2.66,5.0
Michael Hector,Fulham,2,178,5.0,2.66,4.5
Mohamed Naser El Sayed Elneny,Arsenal,3,526,5.0,2.65,4.5
Emerson Palmieri dos Santos,Chelsea,2,111,5.0,2.56,5.0
Ivan Ricardo Neves Abreu Cavaleiro,Fulham,3,187,5.0,2.56,5.5
Bernardo Fernandes da Silva Junior,Brighton,2,75,5.0,2.52,4.0
Antonio Rüdiger,Chelsea,2,109,5.0,2.5,4.9
Sead Kolasinac,Arsenal,2,14,5.0,2.5,4.9
Héctor Bellerín,Arsenal,2,11,5.0,2.49,5.0
Michy Batshuayi,Crystal Palace,4,108,5.0,2.48,5.9
Kieran Tierney,Arsenal,2,17,5.0,2.46,5.5
Wilfred Ndidi,Leicester,3,236,5.0,2.46,5.0
Dale Stephens,Brighton,3,55,5.0,2.41,4.5
Adam Lallana,Brighton,3,54,5.0,2.4,6.4
Olivier Giroud,Chelsea,4,103,5.0,2.4,6.9
Luka Milivojevic,Crystal Palace,3,138,5.0,2.38,5.9
James Maddison,Leicester,3,231,5.0,2.36,7.0
Harry Wilson,Liverpool,3,257,5.0,2.33,5.4
Jonjo Shelvey,Newcastle United,3,321,5.0,2.33,5.5
Harry Winks,Tottenham,3,397,5.0,2.32,5.5
Neeskens Kebano,Fulham,3,180,5.0,2.32,5.0
Ruben Loftus-Cheek,Chelsea,3,115,5.0,2.32,6.0
Aboubakar Kamara,Fulham,3,190,5.0,2.31,5.0
Fikayo Tomori,Chelsea,2,121,5.0,2.31,4.9
Oskar Buur,Wolverhampton Wanderers,2,467,5.0,2.31,4.0
Nicolas Pépé,Arsenal,3,18,5.0,2.29,7.8
Benjamin Chilwell,Chelsea,2,232,5.0,2.27,5.5
Ben Osborn,Sheffield United,3,356,5.0,2.26,5.0
Alex Iwobi,Everton,3,159,5.0,2.24,5.9
Ethan Ampadu,Sheffield United,2,509,5.0,2.18,4.5
Gylfi Sigurdsson,Everton,3,150,5.0,2.16,7.0
Ezgjan Alioski,Leeds,2,201,5.0,2.15,4.5
Michael Obafemi,Southampton,4,381,5.0,2.15,5.0
Isaac Hayden,Newcastle United,3,336,5.0,2.14,5.0
Dean Henderson,Manchester United,1,305,5.0,2.13,5.5
Riyad Mahrez,Manchester City,3,275,5.0,2.13,8.5
Cheikhou Kouyaté,Crystal Palace,3,133,5.0,2.12,5.0
Josh Onomah,Fulham,3,188,5.0,2.12,5.0
Eberechi Eze,Crystal Palace,3,489,5.0,2.09,6.0
Fernando Marçal,Wolverhampton Wanderers,2,505,5.0,2.09,5.0
Callum Hudson-Odoi,Chelsea,3,122,5.0,2.07,5.9
Dan Burn,Brighton,2,61,5.0,2.04,4.5
Ørjan Nyland,Aston Villa,1,35,5.0,2.03,4.0
Indiana Vassilev,Aston Villa,4,51,5.0,2.01,4.5
Aaron Wan-Bissaka,Manchester United,2,313,5.0,2.0,5.5
Tom Davies,Everton,3,163,5.0,2.0,5.5
Alireza Jahanbakhsh,Brighton,3,71,5.0,1.98,5.5
Oliver Norwood,Sheffield United,3,349,5.0,1.98,5.0
Jean-Philippe Gbamin,Everton,3,161,5.0,1.97,5.0
Nathan Redmond,Southampton,3,365,5.0,1.96,6.4
Diogo Jota,Liverpool,3,468,5.0,1.95,6.4
Mario Lemina,Fulham,3,493,5.0,1.95,4.5
Bertrand Traoré,Aston Villa,3,540,5.0,1.92,6.0
Sergio Agüero,Manchester City,4,268,5.0,1.84,10.4
Andriy Yarmolenko,West Ham,3,436,5.0,1.83,5.9
Willy Caballero,Chelsea,1,101,5.0,1.83,5.0
Billy Sharp,Sheffield United,4,343,5.0,1.82,6.0
James McArthur,Crystal Palace,3,130,5.0,1.8,5.5
Ben Johnson,West Ham,2,452,5.0,1.79,4.0
Mason Holgate,Everton,2,165,5.0,1.79,4.9
Ben Mee,Burnley,2,88,5.0,1.78,5.0
Fabian Delph,Everton,3,149,5.0,1.76,5.0
Jake Vokins,Southampton,2,380,5.0,1.76,4.0
Felipe Anderson Pereira Gomes,West Ham,3,440,5.0,1.74,6.4
Jannik Vestergaard,Southampton,2,369,5.0,1.74,4.5
Joel Matip,Liverpool,2,246,5.0,1.74,5.5
Billy Gilmour,Chelsea,3,124,5.0,1.73,4.5
Henri Lansbury,Aston Villa,3,30,5.0,1.69,4.5
Marvelous Nakamba,Aston Villa,3,44,5.0,1.69,4.5
Ryan Fraser,Newcastle United,3,507,5.0,1.69,6.0
Fraser Forster,Southampton,1,523,5.0,1.68,4.0
Jarrad Branthwaite,Everton,2,170,5.0,1.68,4.0
Theo Walcott,Everton,3,148,5.0,1.68,5.9
Sofiane Boufal,Southampton,3,372,5.0,1.67,5.4
Steven Bergwijn,Tottenham,3,400,5.0,1.67,7.3
Cenk Tosun,Everton,4,153,5.0,1.66,6.0
Tahith Chong,Manchester United,3,316,5.0,1.66,4.5
Frédéric Guilbert,Aston Villa,2,47,5.0,1.65,4.5
James Garner,Manchester United,3,317,5.0,1.64,4.5
Jed Steer,Aston Villa,1,32,5.0,1.62,4.0
José Ignacio Peleteiro Romallo,Aston Villa,3,34,5.0,1.6,6.0
Harvey Elliott,Liverpool,3,265,5.0,1.59,4.5
Ahmed El Mohamady,Aston Villa,2,29,5.0,1.58,4.5
Phil Jagielka,Sheffield United,2,529,5.0,1.58,4.0
Brandon Williams,Manchester United,2,318,5.0,1.57,4.5
Sergio Reguilón,Tottenham,2,542,5.0,1.57,5.5
Leander Dendoncker,Wolverhampton Wanderers,3,464,5.0,1.56,5.0
Tom Heaton,Aston Villa,1,28,5.0,1.56,4.5
Cengiz Ünder,Leicester,3,541,5.0,1.54,6.0
Neil Taylor,Aston Villa,2,31,5.0,1.51,4.5
Ashley Barnes,Burnley,4,87,5.0,1.5,6.0
David Luiz Moreira Marinho,Arsenal,2,3,5.0,1.49,5.5
Gareth Bale,Tottenham,3,543,5.0,1.49,9.5
Lys Mousset,Sheffield United,4,359,5.0,1.49,5.9
Matthew Lowton,Burnley,2,92,5.0,1.49,4.5
James Tarkowski,Burnley,2,81,5.0,1.48,5.5
Tyler Roberts,Leeds,3,206,5.0,1.48,5.0
Bernard Anício Caldeira Duarte,Everton,3,154,5.0,1.47,5.9
Josh Sims,Southampton,3,374,5.0,1.46,4.5
Marc Albrighton,Leicester,3,221,5.0,1.46,5.5
Ferran Torres,Manchester City,3,287,5.0,1.44,7.0
Bjorn Engels,Aston Villa,2,36,5.0,1.43,4.5
Fabio Silva,Wolverhampton Wanderers,4,504,5.0,1.42,5.5
Axel Tuanzebe,Manchester United,2,307,5.0,1.4,4.5
Jack Cork,Burnley,3,84,5.0,1.4,5.0
Mbwana Samatta,Aston Villa,4,49,5.0,1.4,6.0
Mark Noble,West Ham,3,427,5.0,1.39,5.0
Sébastien Haller,West Ham,4,441,5.0,1.39,6.4
Ainsley Maitland-Niles,Arsenal,2,15,5.0,1.36,5.0
Anwar El Ghazi,Aston Villa,3,45,5.0,1.36,6.0
Bruno André Cavaco Jordao,Wolverhampton Wanderers,3,475,5.0,1.36,4.5
Aymeric Laporte,Manchester City,2,280,5.0,1.35,6.0
David Martin,West Ham,1,429,5.0,1.34,4.0
Johann Berg Gudmundsson,Burnley,3,90,5.0,1.34,5.5
Kortney Hause,Aston Villa,2,39,5.0,1.34,4.5
Frederico Rodrigues de Paula Santos,Manchester United,3,299,5.0,1.32,5.5
Chris Smalling,Manchester United,2,292,5.0,1.31,5.0
Jonas Lössl,Everton,1,151,5.0,1.31,4.5
Mesut Özil,Arsenal,3,1,5.0,1.31,6.9
Bernardo Mota Veiga de Carvalho e Silva,Manchester City,3,281,5.0,1.28,7.5
Eric Bailly,Manchester United,2,310,5.0,1.28,5.0
José Diogo Dalot Teixeira,Manchester United,2,314,5.0,1.26,5.0
Yan Valery,Southampton,2,378,5.0,1.26,4.9
Marcos Rojo,Manchester United,2,294,5.0,1.25,5.0
Bamidele Alli,Tottenham,3,394,5.0,1.24,7.8
Luke Thomas,Leicester,2,240,5.0,1.24,4.4
Tom Cairney,Fulham,3,175,5.0,1.24,5.4
Ben Gibson,Burnley,2,94,5.0,1.23,4.0
Jesse Lingard,Manchester United,3,301,5.0,1.21,6.0
Anthony Gordon,Everton,3,168,5.0,1.2,4.5
Adrián San Miguel del Castillo,Liverpool,1,245,5.0,1.17,4.5
Jonjoe Kenny,Everton,2,160,5.0,1.17,4.5
Nemanja Matic,Manchester United,3,295,5.0,1.17,5.0
Sergio Romero,Manchester United,1,289,5.0,1.16,5.0
Wes Morgan,Leicester,2,216,5.0,1.15,4.4
Wesley Moraes,Aston Villa,4,48,5.0,1.14,6.0
João Pedro Cavaco Cancelo,Manchester City,2,277,5.0,1.13,5.5
Mohammed Salisu,Southampton,2,479,5.0,1.13,4.5
Tim Ream,Fulham,2,176,5.0,1.09,4.5
Serge Aurier,Tottenham,2,389,5.0,1.08,5.4
Angus Gunn,Southampton,1,371,5.0,1.07,4.5
Albian Ajeti,West Ham,4,447,5.0,1.06,5.5
Florin Andone,Brighton,4,64,5.0,1.06,4.9
Max Kilman,Wolverhampton Wanderers,2,470,5.0,1.06,4.0
Emile Smith Rowe,Arsenal,3,23,5.0,1.05,4.5
Ilkay Gündogan,Manchester City,3,271,5.0,1.05,5.5
Juan Mata,Manchester United,3,290,5.0,1.05,6.0
Phil Jones,Manchester United,2,297,5.0,1.05,5.0
Joelinton Cássio Apolinário de Lira,Newcastle United,4,340,5.0,1.03,5.9
Claudio Bravo,Manchester City,1,267,5.0,1.01,4.5
Marek Rodák,Fulham,1,186,5.0,1.01,4.5
Oleksandr Zinchenko,Manchester City,2,283,5.0,1.01,5.5
Anthony Knockaert,Fulham,3,177,5.0,1.0,5.4
Vitor Ferreira,Wolverhampton Wanderers,3,515,5.0,1.0,5.0
Jack Wilshere,West Ham,3,434,5.0,0.97,4.9
Roberto Jimenez Gago,West Ham,1,433,5.0,0.97,4.5
Patrick van Aanholt,Crystal Palace,2,139,5.0,0.96,5.5
Connor Wickham,Crystal Palace,4,136,5.0,0.92,4.5
Cédric Soares,Arsenal,2,5,5.0,0.91,4.9
Matteo Guendouzi,Arsenal,3,25,5.0,0.91,4.9
Tommy Doyle,Manchester City,3,285,5.0,0.91,4.5
Christian Benteke,Crystal Palace,4,132,5.0,0.9,5.5
Eric Garcia,Manchester City,2,288,5.0,0.9,5.0
Nicolás Otamendi,Manchester City,2,269,5.0,0.9,5.0
Lucas Torreira,Arsenal,3,19,5.0,0.89,4.9
Scott Dann,Crystal Palace,2,486,5.0,0.89,4.5
Zack Steffen,Manchester City,1,538,5.0,0.89,4.5
Fabián Balbuena,West Ham,2,443,5.0,0.85,4.5
Reiss Nelson,Arsenal,3,21,5.0,0.84,5.4
Pascal Struijk,Leeds,2,211,5.0,0.82,4.0
Tanguy Ndombele,Tottenham,3,405,5.0,0.82,6.0
Yoshinori Muto,Newcastle United,4,341,5.0,0.82,5.0
Pablo Marí,Arsenal,2,10,5.0,0.81,4.5
Andreas Pereira,Manchester United,3,304,5.0,0.79,5.0
Demarai Gray,Leicester,3,230,5.0,0.79,5.4
Pascal Groß,Brighton,3,57,5.0,0.78,5.9
Morgan Gibbs-White,Wolverhampton Wanderers,3,473,5.0,0.77,5.0
Gabriel Teodoro Martinelli Silva,Arsenal,3,26,5.0,0.76,5.0
Calum Chambers,Arsenal,2,13,5.0,0.74,4.5
Glenn Murray,Brighton,4,53,5.0,0.73,5.0
Léo Bonatini,Wolverhampton Wanderers,4,463,5.0,0.73,5.0
Christian Fuchs,Leicester,2,218,5.0,0.72,4.5
Darren Randolph,West Ham,1,430,5.0,0.71,4.5
Pablo Hernández Domínguez,Leeds,3,193,5.0,0.71,5.9
Marcus Bettinelli,Fulham,1,183,5.0,0.69,4.5
Simon Moore,Sheffield United,1,348,5.0,0.69,4.5
Sokratis Papastathopoulos,Arsenal,2,2,5.0,0.69,4.9
Brandon Pierrick,Crystal Palace,3,147,5.0,0.68,4.5
Fabricio Agosto Ramírez,Fulham,1,171,5.0,0.67,4.0
Joseph Willock,Arsenal,3,20,5.0,0.67,4.9
Maxime Le Marchand,Fulham,2,173,5.0,0.66,4.4
Zeze Steven Sessegnon,Fulham,2,192,5.0,0.66,4.4
Cyrus Christie,Fulham,2,179,5.0,0.65,4.5
Jean Michaël Seri,Fulham,3,189,5.0,0.65,4.9
Kevin McDonald,Fulham,3,172,5.0,0.65,4.9
William Saliba,Arsenal,2,27,5.0,0.65,4.4
Stefan Johansen,Fulham,3,174,5.0,0.64,4.9
Alfie Mawson,Fulham,2,185,5.0,0.62,4.5
Jordan Hugill,West Ham,4,444,5.0,0.62,5.5
Robert Snodgrass,West Ham,3,428,5.0,0.61,5.9
José Izquierdo,Brighton,3,72,5.0,0.6,5.5
Jack Robinson,Sheffield United,2,352,5.0,0.59,4.5
Luke Freeman,Sheffield United,3,477,5.0,0.59,5.0
Manuel Lanzini,West Ham,3,439,5.0,0.59,6.5
Shkodran Mustafi,Arsenal,2,7,5.0,0.59,5.0
Adrien Silva,Leicester,3,220,5.0,0.57,4.5
John Ruddy,Wolverhampton Wanderers,1,453,5.0,0.57,4.5
Alexis Mac Allister,Brighton,3,80,5.0,0.56,5.5
Jonathan Castro Otto,Wolverhampton Wanderers,2,462,5.0,0.55,5.5
Martin Kelly,Crystal Palace,2,135,5.0,0.55,4.4
Toby Alderweireld,Tottenham,2,386,5.0,0.53,5.5
Matty James,Leicester,3,222,5.0,0.51,4.5
Wayne Hennessey,Crystal Palace,1,126,5.0,0.5,4.5
Aaron Mooy,Brighton,3,60,5.0,0.49,5.0
Shane Duffy,Brighton,2,58,5.0,0.49,4.5
Ryan Bennett,Wolverhampton Wanderers,2,456,5.0,0.48,4.5
Martin Dubravka,Newcastle United,1,326,5.0,0.47,5.0
Matt Ritchie,Newcastle United,3,322,5.0,0.47,5.0
Ricardo Domingos Barbosa Pereira,Leicester,2,226,5.0,0.47,6.0
Jacob Murphy,Newcastle United,3,497,5.0,0.46,5.0
Jamie Shackleton,Leeds,3,210,5.0,0.46,5.0
Rolando Aarons,Newcastle United,3,337,5.0,0.46,5.0
Hamza Choudhury,Leicester,3,234,5.0,0.45,5.0
Martín Montoya,Brighton,2,63,5.0,0.45,4.5
Christian Atsu,Newcastle United,3,330,5.0,0.43,5.4
Danny Ward,Leicester,1,223,5.0,0.43,4.5
Davy Pröpper,Brighton,3,59,5.0,0.42,5.0
Dwight Gayle,Newcastle United,4,329,5.0,0.42,6.0
Max Meyer,Crystal Palace,3,143,5.0,0.42,4.9
Sean Longstaff,Newcastle United,3,480,5.0,0.42,4.9
Ciaran Clark,Newcastle United,2,324,5.0,0.39,4.5
Kelechi Iheanacho,Leicester,4,233,5.0,0.38,5.9
Daniel Amartey,Leicester,2,227,5.0,0.36,4.0
Adam Forshaw,Leeds,3,199,5.0,0.35,4.9
Kelland Watts,Newcastle United,2,342,5.0,0.35,4.0
Matthew Longstaff,Newcastle United,3,487,5.0,0.35,4.9
Fabian Schär,Newcastle United,2,334,5.0,0.34,5.0
Jonny Evans,Leicester,2,219,5.0,0.34,5.5
Joe Hart,Tottenham,1,482,5.0,0.33,4.5
Juan Foyth,Tottenham,2,406,5.0,0.32,4.5
Moussa Sissoko,Tottenham,3,385,5.0,0.32,5.0
Mark Gillespie,Newcastle United,1,488,5.0,0.28,4.5
Florian Lejeune,Newcastle United,2,327,5.0,0.27,4.4
James Tomkins,Crystal Palace,2,129,5.0,0.27,4.5
Paul Dummett,Newcastle United,2,331,5.0,0.27,4.5
Paulo Gazzaniga,Tottenham,1,393,5.0,0.27,4.5
Ryan Sessegnon,Tottenham,2,399,5.0,0.27,4.9
DeAndre Yedlin,Newcastle United,2,335,5.0,0.26,4.5
Gedson Carvalho Fernandes,Tottenham,3,401,5.0,0.26,5.0
Jairo Riedewald,Crystal Palace,3,144,5.0,0.25,4.5
Oliver Skipp,Tottenham,3,404,5.0,0.23,4.5
Emil Krafth,Newcastle United,2,333,5.0,0.21,4.5
Gary Cahill,Crystal Palace,2,125,5.0,0.2,4.5
Danny Rose,Tottenham,2,384,5.0,0.16,4.9
Japhet Tanganga,Tottenham,2,402,5.0,0.14,4.9
Sadio Mané,Liverpool,3,251,6.0,8.92,11.9
Kai Havertz,Chelsea,3,500,6.0,8.86,8.5
Mohamed Salah,Liverpool,3,254,6.0,8.55,12.1
Bruno Miguel Borges Fernandes,Manchester United,3,302,6.0,8.21,10.5
Raúl Jiménez,Wolverhampton Wanderers,4,460,6.0,8.16,8.5
Timo Werner,Chelsea,4,117,6.0,7.83,9.5
Kevin De Bruyne,Manchester City,3,272,6.0,7.68,11.6
Michail Antonio,West Ham,4,437,6.0,7.58,6.4
Wilfried Zaha,Crystal Palace,3,141,6.0,7.54,7.1
Rekeem Harper,West Bromwich Albion,3,426,6.0,7.18,4.5
Dominic Calvert-Lewin,Everton,4,164,6.0,7.14,7.2
Aleksandar Mitrović,Fulham,4,184,6.0,7.13,6.0
Branislav Ivanovic,West Bromwich Albion,2,530,6.0,6.94,4.5
Richarlison de Andrade,Everton,4,166,6.0,6.93,8.0
Alisson Ramses Becker,Liverpool,1,252,6.0,6.89,6.0
Harry Kane,Tottenham,4,388,6.0,6.83,10.5
Naby Keita,Liverpool,3,261,6.0,6.81,5.4
Anthony Martial,Manchester United,4,303,6.0,6.7,9.0
Neal Maupay,Brighton,4,68,6.0,6.67,6.5
Danny Ings,Southampton,4,366,6.0,6.61,8.4
Thiago Alcántara do Nascimento,Liverpool,3,531,6.0,6.56,6.0
Matheus Pereira,West Bromwich Albion,3,481,6.0,6.47,6.0
Marcus Rashford,Manchester United,3,306,6.0,6.43,9.5
Che Adams,Southampton,4,377,6.0,6.41,5.9
Patrick Bamford,Leeds,4,202,6.0,6.25,5.7
James Rodríguez,Everton,3,508,6.0,6.12,7.5
Georginio Wijnaldum,Liverpool,3,243,6.0,6.1,5.5
Jamie Vardy,Leicester,4,224,6.0,6.1,10.1
Leandro Trossard,Brighton,3,69,6.0,6.06,6.0
Seamus Coleman,Everton,2,152,6.0,5.99,5.0
Chris Wood,Burnley,4,91,6.0,5.98,6.5
Heung-Min Son,Tottenham,3,390,6.0,5.94,9.0
Trent Alexander-Arnold,Liverpool,2,259,6.0,5.92,7.5
Nick Pope,Burnley,1,96,6.0,5.82,5.5
Donny van de Beek,Manchester United,3,495,6.0,5.78,7.0
Mateusz Klich,Leeds,3,198,6.0,5.76,5.6
Hal Robson-Kanu,West Bromwich Albion,4,408,6.0,5.75,5.4
Charlie Taylor,Burnley,2,97,6.0,5.72,4.5
Andrew Robertson,Liverpool,2,255,6.0,5.71,7.0
Willian Borges Da Silva,Arsenal,3,478,6.0,5.71,8.1
Hélder Wander Sousa de Azevedo e Costa,Leeds,3,205,6.0,5.64,5.6
Allan Marques Loureiro,Everton,3,502,6.0,5.62,5.5
Ollie Watkins,Aston Villa,4,514,6.0,5.61,6.0
Michael Keane,Everton,2,156,6.0,5.52,5.0
Mason Mount,Chelsea,3,120,6.0,5.5,6.9
Fabio Henrique Tavares,Liverpool,3,253,6.0,5.49,5.5
Callum Robinson,West Bromwich Albion,4,358,6.0,5.44,5.5
John Lundstram,Sheffield United,3,355,6.0,5.42,5.5
Jimmy Dunne,Burnley,2,519,6.0,5.32,4.0
Dwight McNeil,Burnley,3,100,6.0,5.28,6.0
Grady Diangana,West Bromwich Albion,3,446,6.0,5.28,5.5
Raheem Sterling,Manchester City,3,276,6.0,5.27,11.5
Timothy Castagne,Leicester,2,498,6.0,5.27,5.5
Harvey Barnes,Leicester,3,235,6.0,5.26,7.0
Aaron Connolly,Brighton,4,78,6.0,5.24,5.5
André-Frank Zambo Anguissa,Fulham,3,191,6.0,5.23,4.5
Yerry Mina,Everton,2,162,6.0,5.23,5.5
Ryan Fredericks,West Ham,2,438,6.0,5.22,4.5
Adama Traoré,Wolverhampton Wanderers,3,465,6.0,5.21,6.5
Lucas Digne,Everton,2,155,6.0,5.19,6.1
Virgil van Dijk,Liverpool,2,250,6.0,5.19,6.5
Alex McCarthy,Southampton,1,363,6.0,5.12,4.5
Mason Greenwood,Manchester United,3,315,6.0,5.12,7.5
Mathew Ryan,Brighton,1,70,6.0,5.08,4.5
Jack Grealish,Aston Villa,3,37,6.0,5.07,7.0
Andros Townsend,Crystal Palace,3,137,6.0,5.06,6.0
Callum Wilson,Newcastle United,4,506,6.0,5.02,6.5
Rui Pedro dos Santos Patrício,Wolverhampton Wanderers,1,455,6.0,5.02,5.5
Matt Doherty,Tottenham,2,457,6.0,4.98,6.0
Ben White,Brighton,2,74,6.0,4.92,4.5
Emiliano Martínez,Aston Villa,1,12,6.0,4.88,4.5
Jorge Luiz Frello Filho,Chelsea,3,105,6.0,4.88,5.0
Roberto Firmino,Liverpool,4,249,6.0,4.88,9.4
Phil Foden,Manchester City,3,284,6.0,4.87,6.5
Tyrick Mitchell,Crystal Palace,2,146,6.0,4.87,4.1
Daniel Ceballos Fernández,Arsenal,3,501,6.0,4.85,5.0
Yves Bissouma,Brighton,3,76,6.0,4.84,4.5
James Ward-Prowse,Southampton,3,370,6.0,4.8,5.9
Sam Johnstone,West Bromwich Albion,1,417,6.0,4.8,4.5
Luka Milivojevic,Crystal Palace,3,138,6.0,4.78,5.9
Moussa Djenepo,Southampton,3,382,6.0,4.78,5.5
Ashley Westwood,Burnley,3,89,6.0,4.76,5.5
André Filipe Tavares Gomes,Everton,3,158,6.0,4.75,5.5
Gabriel Fernando de Jesus,Manchester City,4,282,6.0,4.74,9.5
Eberechi Eze,Crystal Palace,3,489,6.0,4.72,6.0
John McGinn,Aston Villa,3,38,6.0,4.71,5.5
Jordan Pickford,Everton,1,157,6.0,4.7,5.0
Conor Hourihane,Aston Villa,3,33,6.0,4.68,6.0
Vicente Guaita,Crystal Palace,1,128,6.0,4.67,5.0
Aaron Ramsdale,Sheffield United,1,483,6.0,4.66,5.0
Jordan Ayew,Crystal Palace,4,140,6.0,4.59,6.0
Matt Targett,Aston Villa,2,42,6.0,4.59,4.5
Tyrone Mings,Aston Villa,2,41,6.0,4.59,5.0
Pierre-Emerick Aubameyang,Arsenal,3,4,6.0,4.57,12.0
Adam Webster,Brighton,2,66,6.0,4.53,4.5
Alexandre Lacazette,Arsenal,4,6,6.0,4.53,8.5
Hugo Lloris,Tottenham,1,383,6.0,4.5,5.5
Mahmoud Ahmed Ibrahim Hassan,Aston Villa,3,40,6.0,4.49,5.5
Reece James,Chelsea,2,123,6.0,4.49,5.1
Romain Saïss,Wolverhampton Wanderers,2,461,6.0,4.49,5.1
N'Golo Kanté,Chelsea,3,113,6.0,4.48,5.0
Tariq Lamptey,Brighton,2,77,6.0,4.47,4.5
Conor Coady,Wolverhampton Wanderers,2,459,6.0,4.45,5.0
Kepa Arrizabalaga,Chelsea,1,112,6.0,4.42,5.0
Victor Lindelöf,Manchester United,2,308,6.0,4.39,5.0
Ezri Konsa Ngoyo,Aston Villa,2,46,6.0,4.37,4.5
Ederson Santana de Moraes,Manchester City,1,278,6.0,4.36,6.0
Angelo Ogbonna,West Ham,2,432,6.0,4.35,5.0
Allan Saint-Maximin,Newcastle United,3,338,6.0,4.34,5.5
Arthur Masuaku,West Ham,2,442,6.0,4.33,4.5
Tammy Abraham,Chelsea,4,118,6.0,4.32,7.4
Pablo Fornals,West Ham,3,450,6.0,4.31,6.5
Andriy Yarmolenko,West Ham,3,436,6.0,4.3,5.9
Lukasz Fabianski,West Ham,1,431,6.0,4.3,5.0
Rodrigo Moreno,Leeds,4,492,6.0,4.3,5.9
Edward Nketiah,Arsenal,4,22,6.0,4.29,5.9
Jake Livermore,West Bromwich Albion,3,409,6.0,4.29,5.0
Jay Rodriguez,Burnley,4,86,6.0,4.27,6.0
Harry Maguire,Manchester United,2,298,6.0,4.26,5.5
Harrison Reed,Fulham,3,373,6.0,4.25,4.5
Matthew Cash,Aston Villa,2,496,6.0,4.23,5.0
Oliver Burke,Sheffield United,3,424,6.0,4.22,4.5
Phil Bardsley,Burnley,2,82,6.0,4.22,4.5
Daniel Castelo Podence,Wolverhampton Wanderers,3,469,6.0,4.21,5.5
George Baldock,Sheffield United,2,351,6.0,4.21,5.5
Oluwasemilogo Adesewo Ibidapo Ajayi,West Bromwich Albion,2,419,6.0,4.21,4.9
Kyle Walker-Peters,Southampton,2,375,6.0,4.2,4.5
Douglas Luiz Soares de Paulo,Aston Villa,3,52,6.0,4.18,5.0
Jack Harrison,Leeds,3,203,6.0,4.18,5.5
David de Gea,Manchester United,1,291,6.0,4.16,5.5
Joel Ward,Crystal Palace,2,134,6.0,4.15,4.5
Issa Diop,West Ham,2,451,6.0,4.1,4.5
James McCarthy,Crystal Palace,3,131,6.0,4.09,4.5
Joe Bryan,Fulham,2,182,6.0,4.09,5.0
Mamadou Sakho,Crystal Palace,2,127,6.0,4.06,4.5
Rúben Gonçalo Silva Nascimento Vinagre,Wolverhampton Wanderers,2,471,6.0,4.06,4.4
Steven Alzate,Brighton,3,79,6.0,4.06,4.5
Tomas Soucek,West Ham,3,449,6.0,4.05,5.0
Alphonse Areola,Fulham,1,516,6.0,4.04,4.5
James Justin,Leicester,2,239,6.0,4.02,4.6
Kurt Zouma,Chelsea,2,110,6.0,4.02,5.0
Enda Stevens,Sheffield United,2,347,6.0,4.01,5.5
John Stones,Manchester City,2,273,6.0,4.01,5.0
Jeffrey Schlupp,Crystal Palace,3,142,6.0,4.0,5.5
Jarrod Bowen,West Ham,3,445,6.0,3.99,6.4
Illan Meslier,Leeds,1,213,6.0,3.98,4.5
Kyle Walker,Manchester City,2,270,6.0,3.94,6.0
Kenny Tete,Fulham,2,517,6.0,3.91,4.5
Paul Pogba,Manchester United,3,296,6.0,3.91,8.0
Pedro Lomba Neto,Wolverhampton Wanderers,3,474,6.0,3.91,5.5
Denis Odoi,Fulham,2,525,6.0,3.9,4.5
Jordan Henderson,Liverpool,3,244,6.0,3.9,5.5
Aaron Cresswell,West Ham,2,435,6.0,3.88,5.0
Gabriel Magalhães,Arsenal,2,494,6.0,3.87,5.1
Jack O'Connell,Sheffield United,2,354,6.0,3.85,5.0
Kasper Schmeichel,Leicester,1,217,6.0,3.8,5.5
Karl Darlow,Newcastle United,1,325,6.0,3.78,5.0
Lewis Dunk,Brighton,2,62,6.0,3.78,5.0
Dennis Praet,Leicester,3,225,6.0,3.76,5.5
Ryan Bertrand,Southampton,2,362,6.0,3.75,5.0
Bernd Leno,Arsenal,1,8,6.0,3.73,5.0
Marcos Alonso,Chelsea,2,104,6.0,3.69,6.0
Matej Vydra,Burnley,4,93,6.0,3.66,5.0
Ross Barkley,Chelsea,3,106,6.0,3.66,6.0
Fernando Luiz Rosa,Manchester City,2,266,6.0,3.65,5.5
John Fleck,Sheffield United,3,346,6.0,3.65,6.0
Odion Ighalo,Manchester United,4,293,6.0,3.61,6.5
Darnell Furlong,West Bromwich Albion,2,422,6.0,3.6,4.5
Nathan Tella,Southampton,3,524,6.0,3.6,4.5
Josh Brownhill,Burnley,3,98,6.0,3.59,5.0
Bukayo Saka,Arsenal,3,24,6.0,3.57,5.4
Keinan Davis,Aston Villa,4,50,6.0,3.56,4.5
Nathan Aké,Manchester City,2,279,6.0,3.52,5.5
Stuart Dallas,Leeds,2,200,6.0,3.52,4.5
Kalvin Phillips,Leeds,3,204,6.0,3.51,5.0
Erik Lamela,Tottenham,3,387,6.0,3.5,5.9
Daniel James,Manchester United,3,311,6.0,3.49,6.5
Luke Ayling,Leeds,2,197,6.0,3.49,4.5
Dara O'Shea,West Bromwich Albion,2,425,6.0,3.47,4.5
William Smallbone,Southampton,3,379,6.0,3.46,4.5
Sander Berge,Sheffield United,3,360,6.0,3.45,5.0
Jan Bednarek,Southampton,2,376,6.0,3.43,4.5
Luke Shaw,Manchester United,2,300,6.0,3.4,5.0
Oliver McBurnie,Sheffield United,4,357,6.0,3.39,6.0
Rúben Diogo da Silva Neves,Wolverhampton Wanderers,3,466,6.0,3.39,5.5
Mateo Kovacic,Chelsea,3,107,6.0,3.38,5.5
Miguel Almirón,Newcastle United,3,339,6.0,3.37,6.0
Jack Stephens,Southampton,2,367,6.0,3.34,5.0
Rodrigo Hernandez,Manchester City,3,286,6.0,3.34,5.5
Willy Boly,Wolverhampton Wanderers,2,458,6.0,3.33,5.5
Jamaal Lascelles,Newcastle United,2,328,6.0,3.29,4.5
Kevin Long,Burnley,2,85,6.0,3.29,4.5
Scott McTominay,Manchester United,3,309,6.0,3.26,5.0
James Milner,Liverpool,3,241,6.0,3.25,5.4
Kieran Gibbs,West Bromwich Albion,2,407,6.0,3.25,4.5
Declan Rice,West Ham,3,448,6.0,3.22,5.0
Granit Xhaka,Arsenal,3,9,6.0,3.22,5.5
Çaglar Söyüncü,Leicester,2,238,6.0,3.21,5.5
Fraser Forster,Southampton,1,523,6.0,3.2,4.0
Youri Tielemans,Leicester,3,228,6.0,3.2,6.5
Kyle Bartley,West Bromwich Albion,2,412,6.0,3.19,4.5
Robert Snodgrass,West Ham,3,428,6.0,3.18,5.9
Jeff Hendrick,Newcastle United,3,485,6.0,3.17,5.0
Manuel Lanzini,West Ham,3,439,6.0,3.16,6.5
Benjamin Mendy,Manchester City,2,274,6.0,3.14,6.0
Stuart Armstrong,Southampton,3,368,6.0,3.13,5.5
Chris Basham,Sheffield United,2,345,6.0,3.12,5.0
Erik Pieters,Burnley,2,83,6.0,3.12,4.5
Sead Kolasinac,Arsenal,2,14,6.0,3.12,4.9
Robbie Brady,Burnley,3,95,6.0,3.11,5.0
Andreas Christensen,Chelsea,2,116,6.0,3.09,5.0
David Martin,West Ham,1,429,6.0,3.09,4.0
Moise Kean,Everton,4,169,6.0,3.09,6.0
Felipe Anderson Pereira Gomes,West Ham,3,440,6.0,3.07,6.4
Solomon March,Brighton,3,65,6.0,3.07,5.0
Timothy Fosu-Mensah,Manchester United,2,312,6.0,3.07,4.5
Nampalys Mendy,Leicester,3,518,6.0,3.03,4.5
Héctor Bellerín,Arsenal,2,11,6.0,2.99,5.0
Cheikhou Kouyaté,Crystal Palace,3,133,6.0,2.98,5.0
Davinson Sánchez,Tottenham,2,398,6.0,2.98,5.5
Ben Osborn,Sheffield United,3,356,6.0,2.97,5.0
Sam Field,West Bromwich Albion,3,423,6.0,2.97,4.9
Shane Long,Southampton,4,361,6.0,2.97,5.5
John Egan,Sheffield United,2,353,6.0,2.96,5.0
Romaine Sawyers,West Bromwich Albion,3,413,6.0,2.95,5.0
Oriol Romeu Vidal,Southampton,3,364,6.0,2.94,4.5
Federico Fernández,Newcastle United,2,323,6.0,2.93,5.0
Michy Batshuayi,Crystal Palace,4,108,6.0,2.93,5.9
Ben Davies,Tottenham,2,395,6.0,2.91,5.0
Dan Burn,Brighton,2,61,6.0,2.87,4.5
Matt Phillips,West Bromwich Albion,3,411,6.0,2.85,5.4
Pierre-Emile Højbjerg,Tottenham,3,396,6.0,2.85,5.0
Robin Koch,Leeds,2,491,6.0,2.85,4.5
Andy Carroll,Newcastle United,4,320,6.0,2.83,5.5
David McGoldrick,Sheffield United,4,344,6.0,2.83,5.5
Jamal Lewis,Newcastle United,2,513,6.0,2.78,4.5
João Filipe Iria Santos Moutinho,Wolverhampton Wanderers,3,454,6.0,2.77,5.5
Wilfred Ndidi,Leicester,3,236,6.0,2.76,5.0
Abdoulaye Doucouré,Everton,3,512,6.0,2.73,5.5
Albian Ajeti,West Ham,4,447,6.0,2.72,5.5
Lucas Rodrigues Moura da Silva,Tottenham,3,392,6.0,2.71,7.0
Adam Lallana,Brighton,3,54,6.0,2.7,6.4
Javier Manquillo,Newcastle United,2,332,6.0,2.7,4.5
Takumi Minamino,Liverpool,3,258,6.0,2.7,6.3
Liam Cooper,Leeds,2,195,6.0,2.69,4.4
Lys Mousset,Sheffield United,4,359,6.0,2.67,5.9
Alireza Jahanbakhsh,Brighton,3,71,6.0,2.65,5.5
Dean Henderson,Manchester United,1,305,6.0,2.64,5.5
Mohamed Naser El Sayed Elneny,Arsenal,3,526,6.0,2.62,4.5
Ørjan Nyland,Aston Villa,1,35,6.0,2.61,4.0
César Azpilicueta,Chelsea,2,102,6.0,2.6,5.9
Rob Holding,Arsenal,2,16,6.0,2.58,4.5
Alex Iwobi,Everton,3,159,6.0,2.57,5.9
Aaron Wan-Bissaka,Manchester United,2,313,6.0,2.55,5.5
Ayoze Pérez,Leicester,3,229,6.0,2.55,6.5
Eric Dier,Tottenham,2,391,6.0,2.55,5.0
Jack Wilshere,West Ham,3,434,6.0,2.55,4.9
Fernando Marçal,Wolverhampton Wanderers,2,505,6.0,2.52,5.0
Michael Hector,Fulham,2,178,6.0,2.51,4.5
Kyle Edwards,West Bromwich Albion,3,421,6.0,2.49,5.0
Ben Johnson,West Ham,2,452,6.0,2.48,4.0
Indiana Vassilev,Aston Villa,4,51,6.0,2.45,4.5
Jordan Hugill,West Ham,4,444,6.0,2.45,5.5
Gylfi Sigurdsson,Everton,3,150,6.0,2.44,7.0
Fabio Silva,Wolverhampton Wanderers,4,504,6.0,2.39,5.5
Harry Winks,Tottenham,3,397,6.0,2.39,5.5
Ethan Ampadu,Sheffield United,2,509,6.0,2.36,4.5
Oliver Norwood,Sheffield United,3,349,6.0,2.36,5.0
Giovani Lo Celso,Tottenham,3,403,6.0,2.35,6.9
Tyler Roberts,Leeds,3,206,6.0,2.3,5.0
Ivan Ricardo Neves Abreu Cavaleiro,Fulham,3,187,6.0,2.27,5.5
Ezgjan Alioski,Leeds,2,201,6.0,2.26,4.5
Jonjo Shelvey,Newcastle United,3,321,6.0,2.24,5.5
Luke Freeman,Sheffield United,3,477,6.0,2.24,5.0
Roberto Jimenez Gago,West Ham,1,433,6.0,2.24,4.5
Fikayo Tomori,Chelsea,2,121,6.0,2.23,4.9
James McArthur,Crystal Palace,3,130,6.0,2.23,5.5
Kieran Tierney,Arsenal,2,17,6.0,2.23,5.5
Nicolas Pépé,Arsenal,3,18,6.0,2.2,7.8
Bertrand Traoré,Aston Villa,3,540,6.0,2.19,6.0
Ruben Loftus-Cheek,Chelsea,3,115,6.0,2.19,6.0
Jed Steer,Aston Villa,1,32,6.0,2.16,4.0
Steven Bergwijn,Tottenham,3,400,6.0,2.16,7.3
Isaac Hayden,Newcastle United,3,336,6.0,2.14,5.0
James Maddison,Leicester,3,231,6.0,2.1,7.0
Neeskens Kebano,Fulham,3,180,6.0,2.1,5.0
Curtis Jones,Liverpool,3,263,6.0,2.07,4.5
José Ignacio Peleteiro Romallo,Aston Villa,3,34,6.0,2.06,6.0
Fabián Balbuena,West Ham,2,443,6.0,2.05,4.5
Riyad Mahrez,Manchester City,3,275,6.0,2.04,8.5
Aboubakar Kamara,Fulham,3,190,6.0,2.03,5.0
Jesse Lingard,Manchester United,3,301,6.0,2.03,6.0
Harvey Elliott,Liverpool,3,265,6.0,2.02,4.5
Callum Hudson-Odoi,Chelsea,3,122,6.0,2.01,5.9
Christian Pulisic,Chelsea,3,119,6.0,2.01,8.4
Oskar Buur,Wolverhampton Wanderers,2,467,6.0,2.01,4.0
Tom Heaton,Aston Villa,1,28,6.0,1.98,4.5
Jack Robinson,Sheffield United,2,352,6.0,1.96,4.5
Josh Onomah,Fulham,3,188,6.0,1.96,5.0
Leander Dendoncker,Wolverhampton Wanderers,3,464,6.0,1.96,5.0
Simon Moore,Sheffield United,1,348,6.0,1.96,4.5
Mario Lemina,Fulham,3,493,6.0,1.94,4.5
Marc Albrighton,Leicester,3,221,6.0,1.93,5.5
Mbwana Samatta,Aston Villa,4,49,6.0,1.91,6.0
Jannik Vestergaard,Southampton,2,369,6.0,1.9,4.5
Henri Lansbury,Aston Villa,3,30,6.0,1.89,4.5
Jonathan Leko,West Bromwich Albion,3,420,6.0,1.86,4.5
Darren Randolph,West Ham,1,430,6.0,1.85,4.5
Frederico Rodrigues de Paula Santos,Manchester United,3,299,6.0,1.85,5.5
Juan Mata,Manchester United,3,290,6.0,1.84,6.0
Marvelous Nakamba,Aston Villa,3,44,6.0,1.82,4.5
Wesley Moraes,Aston Villa,4,48,6.0,1.81,6.0
Léo Bonatini,Wolverhampton Wanderers,4,463,6.0,1.8,5.0
Nathan Redmond,Southampton,3,365,6.0,1.8,6.4
Billy Sharp,Sheffield United,4,343,6.0,1.78,6.0
Frédéric Guilbert,Aston Villa,2,47,6.0,1.77,4.5
Xherdan Shaqiri,Liverpool,3,247,6.0,1.77,6.4
Ahmed El Mohamady,Aston Villa,2,29,6.0,1.76,4.5
Anwar El Ghazi,Aston Villa,3,45,6.0,1.74,6.0
John Ruddy,Wolverhampton Wanderers,1,453,6.0,1.74,4.5
Phil Jagielka,Sheffield United,2,529,6.0,1.72,4.0
Morgan Gibbs-White,Wolverhampton Wanderers,3,473,6.0,1.7,5.0
Max Kilman,Wolverhampton Wanderers,2,470,6.0,1.68,4.0
Benjamin Chilwell,Chelsea,2,232,6.0,1.66,5.5
Charlie Austin,West Bromwich Albion,4,415,6.0,1.66,5.4
Kamil Grosicki,West Bromwich Albion,3,410,6.0,1.66,5.4
Mark Noble,West Ham,3,427,6.0,1.66,5.0
Neil Taylor,Aston Villa,2,31,6.0,1.66,4.5
Tom Davies,Everton,3,163,6.0,1.66,5.5
Ben Mee,Burnley,2,88,6.0,1.65,5.0
Brandon Williams,Manchester United,2,318,6.0,1.65,4.5
Eric Bailly,Manchester United,2,310,6.0,1.65,5.0
Divock Origi,Liverpool,4,256,6.0,1.64,5.4
Ryan Bennett,Wolverhampton Wanderers,2,456,6.0,1.64,4.5
Bruno André Cavaco Jordao,Wolverhampton Wanderers,3,475,6.0,1.62,4.5
Conor Townsend,West Bromwich Albion,2,418,6.0,1.61,4.5
Kenneth Zohore,West Bromwich Albion,4,416,6.0,1.61,5.0
David Button,West Bromwich Albion,1,56,6.0,1.6,4.0
Kortney Hause,Aston Villa,2,39,6.0,1.6,4.5
Bjorn Engels,Aston Villa,2,36,6.0,1.59,4.5
Ahmed El-Sayed Hegazy,West Bromwich Albion,2,414,6.0,1.58,4.4
Gareth Bale,Tottenham,3,543,6.0,1.58,9.5
David Luiz Moreira Marinho,Arsenal,2,3,6.0,1.57,5.5
Marcos Rojo,Manchester United,2,294,6.0,1.56,5.0
Thiago Thiago,Chelsea,2,490,6.0,1.56,5.5
Sergio Agüero,Manchester City,4,268,6.0,1.55,10.4
Olivier Giroud,Chelsea,4,103,6.0,1.54,6.9
Sébastien Haller,West Ham,4,441,6.0,1.54,6.4
Tahith Chong,Manchester United,3,316,6.0,1.53,4.5
James Garner,Manchester United,3,317,6.0,1.51,4.5
James Tarkowski,Burnley,2,81,6.0,1.51,5.5
Jonathan Castro Otto,Wolverhampton Wanderers,2,462,6.0,1.49,5.5
Harry Wilson,Liverpool,3,257,6.0,1.48,5.4
Joseph Gomez,Liverpool,2,260,6.0,1.48,5.5
Ryan Fraser,Newcastle United,3,507,6.0,1.48,6.0
Axel Tuanzebe,Manchester United,2,307,6.0,1.46,4.5
Neco Williams,Liverpool,2,264,6.0,1.45,4.0
José Diogo Dalot Teixeira,Manchester United,2,314,6.0,1.44,5.0
Sergio Reguilón,Tottenham,2,542,6.0,1.44,5.5
Sergio Romero,Manchester United,1,289,6.0,1.44,5.0
Tom Cairney,Fulham,3,175,6.0,1.41,5.4
Chris Smalling,Manchester United,2,292,6.0,1.4,5.0
Jean-Philippe Gbamin,Everton,3,161,6.0,1.39,5.0
Nemanja Matic,Manchester United,3,295,6.0,1.39,5.0
Ferran Torres,Manchester City,3,287,6.0,1.38,7.0
Aymeric Laporte,Manchester City,2,280,6.0,1.36,6.0
Bamidele Alli,Tottenham,3,394,6.0,1.34,7.8
Ainsley Maitland-Niles,Arsenal,2,15,6.0,1.31,5.0
Alex Oxlade-Chamberlain,Liverpool,3,248,6.0,1.31,6.5
Ashley Barnes,Burnley,4,87,6.0,1.3,6.0
Scott Dann,Crystal Palace,2,486,6.0,1.3,4.5
Ben Gibson,Burnley,2,94,6.0,1.28,4.0
Phil Jones,Manchester United,2,297,6.0,1.28,5.0
Jack Cork,Burnley,3,84,6.0,1.27,5.0
José Izquierdo,Brighton,3,72,6.0,1.26,5.5
Christian Fuchs,Leicester,2,218,6.0,1.23,4.5
Billy Gilmour,Chelsea,3,124,6.0,1.21,4.5
Joelinton Cássio Apolinário de Lira,Newcastle United,4,340,6.0,1.21,5.9
Emerson Palmieri dos Santos,Chelsea,2,111,6.0,1.2,5.0
Cengiz Ünder,Leicester,3,541,6.0,1.17,6.0
Johann Berg Gudmundsson,Burnley,3,90,6.0,1.17,5.5
Aaron Mooy,Brighton,3,60,6.0,1.15,5.0
Willy Caballero,Chelsea,1,101,6.0,1.15,5.0
Antonio Rüdiger,Chelsea,2,109,6.0,1.13,4.9
Andreas Pereira,Manchester United,3,304,6.0,1.12,5.0
Diogo Jota,Liverpool,3,468,6.0,1.12,6.4
Cenk Tosun,Everton,4,153,6.0,1.1,6.0
Emile Smith Rowe,Arsenal,3,23,6.0,1.1,4.5
Adrián San Miguel del Castillo,Liverpool,1,245,6.0,1.04,4.5
Martín Montoya,Brighton,2,63,6.0,1.03,4.5
Jake Vokins,Southampton,2,380,6.0,1.02,4.0
João Pedro Cavaco Cancelo,Manchester City,2,277,6.0,1.02,5.5
Anthony Gordon,Everton,3,168,6.0,1.0,4.5
Joel Matip,Liverpool,2,246,6.0,0.99,5.5
Luke Thomas,Leicester,2,240,6.0,0.99,4.4
Bernardo Fernandes da Silva Junior,Brighton,2,75,6.0,0.98,4.0
Florin Andone,Brighton,4,64,6.0,0.98,4.9
Matthew Lowton,Burnley,2,92,6.0,0.98,4.5
Bernardo Mota Veiga de Carvalho e Silva,Manchester City,3,281,6.0,0.95,7.5
Pablo Hernández Domínguez,Leeds,3,193,6.0,0.95,5.9
Sean Longstaff,Newcastle United,3,480,6.0,0.95,4.9
Alexis Mac Allister,Brighton,3,80,6.0,0.94,5.5
Martin Kelly,Crystal Palace,2,135,6.0,0.93,4.4
Oliver Skipp,Tottenham,3,404,6.0,0.93,4.5
Joe Hart,Tottenham,1,482,6.0,0.91,4.5
Oleksandr Zinchenko,Manchester City,2,283,6.0,0.91,5.5
Gabriel Teodoro Martinelli Silva,Arsenal,3,26,6.0,0.89,5.0
Marcus Bettinelli,Fulham,1,183,6.0,0.89,4.5
Vitor Ferreira,Wolverhampton Wanderers,3,515,6.0,0.89,5.0
Demarai Gray,Leicester,3,230,6.0,0.88,5.4
Pascal Struijk,Leeds,2,211,6.0,0.88,4.0
Wes Morgan,Leicester,2,216,6.0,0.87,4.4
Connor Wickham,Crystal Palace,4,136,6.0,0.86,4.5
Ilkay Gündogan,Manchester City,3,271,6.0,0.86,5.5
Dale Stephens,Brighton,3,55,6.0,0.85,4.5
Davy Pröpper,Brighton,3,59,6.0,0.85,5.0
Gedson Carvalho Fernandes,Tottenham,3,401,6.0,0.85,5.0
Fabricio Agosto Ramírez,Fulham,1,171,6.0,0.84,4.0
Martin Dubravka,Newcastle United,1,326,6.0,0.84,5.0
Matty James,Leicester,3,222,6.0,0.84,4.5
Pablo Marí,Arsenal,2,10,6.0,0.84,4.5
Toby Alderweireld,Tottenham,2,386,6.0,0.84,5.5
Wayne Hennessey,Crystal Palace,1,126,6.0,0.83,4.5
Marek Rodák,Fulham,1,186,6.0,0.82,4.5
Jonas Lössl,Everton,1,151,6.0,0.81,4.5
Pascal Groß,Brighton,3,57,6.0,0.81,5.9
Tim Ream,Fulham,2,176,6.0,0.81,4.5
Christian Benteke,Crystal Palace,4,132,6.0,0.8,5.5
Juan Foyth,Tottenham,2,406,6.0,0.79,4.5
Michael Obafemi,Southampton,4,381,6.0,0.78,5.0
Stefan Johansen,Fulham,3,174,6.0,0.78,4.9
Theo Walcott,Everton,3,148,6.0,0.78,5.9
Nicolás Otamendi,Manchester City,2,269,6.0,0.77,5.0
Tommy Doyle,Manchester City,3,285,6.0,0.77,4.5
Bernard Anício Caldeira Duarte,Everton,3,154,6.0,0.74,5.9
Glenn Murray,Brighton,4,53,6.0,0.74,5.0
Mark Gillespie,Newcastle United,1,488,6.0,0.74,4.5
Paul Dummett,Newcastle United,2,331,6.0,0.74,4.5
Mesut Özil,Arsenal,3,1,6.0,0.72,6.9
Tanguy Ndombele,Tottenham,3,405,6.0,0.72,6.0
Alfie Mawson,Fulham,2,185,6.0,0.71,4.5
Claudio Bravo,Manchester City,1,267,6.0,0.71,4.5
Eric Garcia,Manchester City,2,288,6.0,0.71,5.0
Reiss Nelson,Arsenal,3,21,6.0,0.71,5.4
Kelechi Iheanacho,Leicester,4,233,6.0,0.7,5.9
Jamie Shackleton,Leeds,3,210,6.0,0.69,5.0
Yoshinori Muto,Newcastle United,4,341,6.0,0.69,5.0
Anthony Knockaert,Fulham,3,177,6.0,0.68,5.4
Cyrus Christie,Fulham,2,179,6.0,0.68,4.5
Emil Krafth,Newcastle United,2,333,6.0,0.68,4.5
Jean Michaël Seri,Fulham,3,189,6.0,0.68,4.9
Joseph Willock,Arsenal,3,20,6.0,0.68,4.9
Maxime Le Marchand,Fulham,2,173,6.0,0.68,4.4
Ryan Sessegnon,Tottenham,2,399,6.0,0.68,4.9
Shane Duffy,Brighton,2,58,6.0,0.68,4.5
Brandon Pierrick,Crystal Palace,3,147,6.0,0.67,4.5
Kevin McDonald,Fulham,3,172,6.0,0.67,4.9
Yan Valery,Southampton,2,378,6.0,0.67,4.9
Zeze Steven Sessegnon,Fulham,2,192,6.0,0.67,4.4
Fabian Delph,Everton,3,149,6.0,0.66,5.0
Jarrad Branthwaite,Everton,2,170,6.0,0.66,4.0
Mohammed Salisu,Southampton,2,479,6.0,0.65,4.5
Fabian Schär,Newcastle United,2,334,6.0,0.64,5.0
Adam Forshaw,Leeds,3,199,6.0,0.63,4.9
DeAndre Yedlin,Newcastle United,2,335,6.0,0.63,4.5
Angus Gunn,Southampton,1,371,6.0,0.62,4.5
Daniel Amartey,Leicester,2,227,6.0,0.62,4.0
Josh Sims,Southampton,3,374,6.0,0.59,4.5
Cédric Soares,Arsenal,2,5,6.0,0.56,4.9
Danny Ward,Leicester,1,223,6.0,0.56,4.5
Sofiane Boufal,Southampton,3,372,6.0,0.56,5.4
Hamza Choudhury,Leicester,3,234,6.0,0.55,5.0
Mason Holgate,Everton,2,165,6.0,0.55,4.9
Max Meyer,Crystal Palace,3,143,6.0,0.55,4.9
Zack Steffen,Manchester City,1,538,6.0,0.55,4.5
Adrien Silva,Leicester,3,220,6.0,0.54,4.5
Patrick van Aanholt,Crystal Palace,2,139,6.0,0.54,5.5
Ricardo Domingos Barbosa Pereira,Leicester,2,226,6.0,0.54,6.0
Jonjoe Kenny,Everton,2,160,6.0,0.53,4.5
Jonny Evans,Leicester,2,219,6.0,0.53,5.5
Danny Rose,Tottenham,2,384,6.0,0.52,4.9
Jairo Riedewald,Crystal Palace,3,144,6.0,0.52,4.5
Kelland Watts,Newcastle United,2,342,6.0,0.5,4.0
Dwight Gayle,Newcastle United,4,329,6.0,0.49,6.0
James Tomkins,Crystal Palace,2,129,6.0,0.49,4.5
William Saliba,Arsenal,2,27,6.0,0.49,4.4
Paulo Gazzaniga,Tottenham,1,393,6.0,0.48,4.5
Matthew Longstaff,Newcastle United,3,487,6.0,0.47,4.9
Calum Chambers,Arsenal,2,13,6.0,0.46,4.5
Japhet Tanganga,Tottenham,2,402,6.0,0.46,4.9
Florian Lejeune,Newcastle United,2,327,6.0,0.42,4.4
Jacob Murphy,Newcastle United,3,497,6.0,0.42,5.0
Shkodran Mustafi,Arsenal,2,7,6.0,0.41,5.0
Gary Cahill,Crystal Palace,2,125,6.0,0.4,4.5
Sokratis Papastathopoulos,Arsenal,2,2,6.0,0.38,4.9
Christian Atsu,Newcastle United,3,330,6.0,0.36,5.4
Ciaran Clark,Newcastle United,2,324,6.0,0.36,4.5
Matt Ritchie,Newcastle United,3,322,6.0,0.35,5.0
Lucas Torreira,Arsenal,3,19,6.0,0.32,4.9
Moussa Sissoko,Tottenham,3,385,6.0,0.31,5.0
Rolando Aarons,Newcastle United,3,337,6.0,0.27,5.0
Matteo Guendouzi,Arsenal,3,25,6.0,0.21,4.9
Serge Aurier,Tottenham,2,389,6.0,0.16,5.4
