player_name,player_team,element_type,element,round,value,points
Kevin De Bruyne,Manchester City,3,272,27.0,11.8,13.100244
Raheem Sterling,Manchester City,3,276,27.0,11.6,11.120288
Rúben Santos Gato Alves Dias,Manchester City,2,556,27.0,6.1,9.590315
Riyad Mahrez,Manchester City,3,275,27.0,8.1,9.589058
Danny Ings,Southampton,4,366,27.0,8.4,9.050627
Gabriel Fernando de Jesus,Manchester City,4,282,27.0,9.2,9.048412
João Pedro Cavaco Cancelo,Manchester City,2,277,27.0,6.2,8.358919
Harry Kane,Tottenham,4,388,27.0,11.1,7.957538
Bruno Miguel Borges Fernandes,Manchester United,3,302,27.0,11.6,7.460776
Ilkay Gündogan,Manchester City,3,271,27.0,6.2,7.419051
Ederson Santana de Moraes,Manchester City,1,278,27.0,6.1,7.1761627
John Stones,Manchester City,2,273,27.0,5.2,6.992418
Bernardo Mota Veiga de Carvalho e Silva,Manchester City,3,281,27.0,7.4,6.6069117
Kyle Walker,Manchester City,2,270,27.0,6.1,6.1907706
James Ward-Prowse,Southampton,3,370,27.0,5.9,6.152981
Heung-Min Son,Tottenham,3,390,27.0,9.5,6.1300683
Che Adams,Southampton,4,377,27.0,5.8,5.953581
Jan Bednarek,Southampton,2,376,27.0,4.9,5.4692936
Jannik Vestergaard,Southampton,2,369,27.0,4.7,5.386012
Alexandre Lacazette,Arsenal,4,6,27.0,8.1,5.2987103
Nathan Redmond,Southampton,3,365,27.0,6.4,5.09136
Fraser Forster,Southampton,1,523,27.0,4.0,5.0815477
Aymeric Laporte,Manchester City,2,280,27.0,6.0,4.850694
Stuart Armstrong,Southampton,3,368,27.0,5.5,4.7795277
Ryan Bertrand,Southampton,2,362,27.0,5.0,4.7682524
Ollie Watkins,Aston Villa,4,514,27.0,6.6,4.652307
Mohamed Salah,Liverpool,3,254,27.0,12.6,4.5941405
Timo Werner,Chelsea,4,117,27.0,9.2,4.5863543
Sadio Mané,Liverpool,3,251,27.0,11.8,4.5457144
Marcus Rashford,Manchester United,3,306,27.0,9.6,4.505945
Mason Mount,Chelsea,3,120,27.0,6.8,4.400719
Jamie Vardy,Leicester,4,224,27.0,10.2,4.369573
Emiliano Martínez,Aston Villa,1,12,27.0,5.3,4.3541584
Rodrigo Hernandez,Manchester City,3,286,27.0,5.3,4.2768135
Trent Alexander-Arnold,Liverpool,2,259,27.0,7.4,4.1869144
Moussa Djenepo,Southampton,3,382,27.0,5.4,4.109982
Pierre-Emerick Aubameyang,Arsenal,3,4,27.0,11.3,4.0584416
Patrick Bamford,Leeds,4,202,27.0,6.8,4.046546
Tyrone Mings,Aston Villa,2,41,27.0,5.4,4.0328217
Aaron Cresswell,West Ham,2,435,27.0,5.8,4.016019
Richarlison de Andrade,Everton,4,166,27.0,7.9,4.000213
Bernd Leno,Arsenal,1,8,27.0,5.0,3.979349
Sam Johnstone,West Bromwich Albion,1,417,27.0,4.5,3.972742
Matt Targett,Aston Villa,2,42,27.0,5.0,3.964925
Hugo Lloris,Tottenham,1,383,27.0,5.6,3.9647245
Roberto Firmino,Liverpool,4,249,27.0,9.2,3.9170454
Anwar El Ghazi,Aston Villa,3,45,27.0,5.3,3.882714
Ezri Konsa Ngoyo,Aston Villa,2,46,27.0,4.6,3.851018
Phil Foden,Manchester City,3,284,27.0,6.1,3.829957
Bertrand Traoré,Aston Villa,3,540,27.0,5.9,3.8125107
Nicolas Pépé,Arsenal,3,18,27.0,7.6,3.7984207
Raphael Dias Belloli,Leeds,3,570,27.0,5.4,3.780975
Andrew Robertson,Liverpool,2,255,27.0,7.2,3.705816
Stuart Dallas,Leeds,2,200,27.0,5.0,3.705067
Nick Pope,Burnley,1,96,27.0,5.6,3.6831017
Pedro Lomba Neto,Wolverhampton Wanderers,3,474,27.0,5.7,3.668416
Jesse Lingard,West Ham,3,301,27.0,6.0,3.6490273
Tomas Soucek,West Ham,3,449,27.0,5.3,3.645164
Sergio Agüero,Manchester City,4,268,27.0,10.3,3.625886
Illan Meslier,Leeds,1,213,27.0,4.6,3.5939624
Neal Maupay,Brighton,4,68,27.0,6.1,3.586615
Youri Tielemans,Leicester,3,228,27.0,6.4,3.5744226
Edouard Mendy,Chelsea,1,548,27.0,5.1,3.569827
Lewis Dunk,Brighton,2,62,27.0,4.9,3.4485772
Kieran Tierney,Arsenal,2,17,27.0,5.2,3.4406643
César Azpilicueta,Chelsea,2,102,27.0,5.7,3.424004
Vladimir Coufal,West Ham,2,558,27.0,4.6,3.3948188
Matheus Pereira,West Bromwich Albion,3,481,27.0,5.4,3.391609
Willian Borges Da Silva,Arsenal,3,478,27.0,7.5,3.3661904
Bukayo Saka,Arsenal,3,24,27.0,5.2,3.3510134
Gareth Bale,Tottenham,3,543,27.0,9.3,3.249417
Aaron Ramsdale,Sheffield United,1,483,27.0,4.6,3.2130086
Toby Alderweireld,Tottenham,2,386,27.0,5.4,3.209978
Alphonse Areola,Fulham,1,516,27.0,4.5,3.2065065
Michail Antonio,West Ham,4,437,27.0,6.5,3.203643
Chris Wood,Burnley,4,91,27.0,6.2,3.199334
Benjamin Chilwell,Chelsea,2,232,27.0,5.8,3.1901565
Ademola Lookman,Fulham,3,557,27.0,5.0,3.188159
David Luiz Moreira Marinho,Arsenal,2,3,27.0,5.4,3.1827729
David McGoldrick,Sheffield United,4,344,27.0,5.2,3.1804225
Alisson Ramses Becker,Liverpool,1,252,27.0,5.9,3.1770627
Lucas Rodrigues Moura da Silva,Tottenham,3,392,27.0,6.6,3.1735604
Leandro Trossard,Brighton,3,69,27.0,5.7,3.1628258
Matej Vydra,Burnley,4,93,27.0,4.8,3.1477656
Davinson Sánchez,Tottenham,2,398,27.0,5.2,3.1330442
Adama Traoré,Wolverhampton Wanderers,3,465,27.0,6.0,3.110529
Lucas Digne,Everton,2,155,27.0,6.2,3.0996623
Edinson Cavani,Manchester United,4,569,27.0,7.9,3.0959847
Aaron Wan-Bissaka,Manchester United,2,313,27.0,5.6,3.0677054
Declan Rice,West Ham,3,448,27.0,4.7,3.0651455
Matt Doherty,Tottenham,2,457,27.0,5.6,3.039125
Kasper Schmeichel,Leicester,1,217,27.0,5.5,3.0036967
John McGinn,Aston Villa,3,38,27.0,5.5,3.0007937
Antonio Rüdiger,Chelsea,2,109,27.0,4.6,2.9949338
Luke Shaw,Manchester United,2,300,27.0,5.1,2.9848855
Mohammed Salisu,Southampton,2,479,27.0,4.3,2.9837089
Ben Mee,Burnley,2,88,27.0,5.1,2.9567518
Jordan Pickford,Everton,1,157,27.0,4.8,2.9487367
Timothy Castagne,Leicester,2,498,27.0,5.7,2.9434397
Rui Pedro dos Santos Patrício,Wolverhampton Wanderers,1,455,27.0,5.3,2.9408584
Bamidele Alli,Tottenham,3,394,27.0,7.4,2.9396508
Vicente Guaita,Crystal Palace,1,128,27.0,4.8,2.9332583
Ola Aina,Fulham,2,562,27.0,4.5,2.909799
Granit Xhaka,Arsenal,3,9,27.0,5.2,2.904077
Kyle Bartley,West Bromwich Albion,2,412,27.0,4.4,2.8735368
James Tarkowski,Burnley,2,81,27.0,5.3,2.865863
Reece James,Chelsea,2,123,27.0,5.0,2.8514695
Pierre-Emile Højbjerg,Tottenham,3,396,27.0,4.9,2.8449259
Ainsley Maitland-Niles,West Bromwich Albion,2,15,27.0,4.6,2.8440273
Dwight McNeil,Burnley,3,100,27.0,5.7,2.8236806
Conor Coady,Wolverhampton Wanderers,2,459,27.0,4.8,2.8119924
Rúben Diogo da Silva Neves,Wolverhampton Wanderers,3,466,27.0,5.1,2.8028443
Joël Veltman,Brighton,2,67,27.0,4.3,2.7884014
Sergio Reguilón,Tottenham,2,542,27.0,5.5,2.768067
Michael Keane,Everton,2,156,27.0,5.1,2.7638621
Serge Aurier,Tottenham,2,389,27.0,5.2,2.7502725
Pascal Groß,Brighton,3,57,27.0,5.8,2.738561
Ahmed El Mohamady,Aston Villa,2,29,27.0,4.3,2.728499
Joachim Andersen,Fulham,2,571,27.0,4.5,2.7273428
Jonjo Shelvey,Newcastle United,3,321,27.0,5.3,2.7268493
George Baldock,Sheffield United,2,351,27.0,4.9,2.724565
Ross Barkley,Aston Villa,3,106,27.0,5.9,2.7228513
Dominic Calvert-Lewin,Everton,4,164,27.0,7.8,2.7046325
Oleksandr Zinchenko,Manchester City,2,283,27.0,5.5,2.6976745
Harry Maguire,Manchester United,2,298,27.0,5.5,2.6884654
Joelinton Cássio Apolinário de Lira,Newcastle United,4,340,27.0,5.7,2.677425
Tanguy Ndombele,Tottenham,3,405,27.0,5.9,2.66435
Liam Cooper,Leeds,2,195,27.0,4.3,2.6618361
Conor Gallagher,West Bromwich Albion,3,544,27.0,5.5,2.6475592
Enda Stevens,Sheffield United,2,347,27.0,5.0,2.6408548
Tosin Adarabioyo,Fulham,2,572,27.0,4.5,2.6316514
Cédric Soares,Arsenal,2,5,27.0,4.6,2.6288264
Yves Bissouma,Brighton,3,76,27.0,4.4,2.6249804
Fernando Luiz Rosa,Manchester City,2,266,27.0,5.4,2.6225219
Charlie Taylor,Burnley,2,97,27.0,4.4,2.5881517
Ashley Westwood,Burnley,3,89,27.0,5.3,2.5861514
Andreas Christensen,Chelsea,2,116,27.0,4.7,2.5848043
Luke Ayling,Leeds,2,197,27.0,4.4,2.5844898
Mason Greenwood,Manchester United,3,315,27.0,7.0,2.5762255
John Fleck,Sheffield United,3,346,27.0,5.6,2.57379
Diogo Jota,Liverpool,3,468,27.0,6.6,2.5589225
Jamaal Lascelles,Newcastle United,2,328,27.0,4.2,2.5439339
Jack Harrison,Leeds,3,203,27.0,5.4,2.5348673
Jordan Ayew,Crystal Palace,4,140,27.0,5.6,2.5318048
Ethan Ampadu,Sheffield United,2,509,27.0,4.3,2.516649
Joseph Willock,Newcastle United,3,20,27.0,4.7,2.5140333
Isaac Hayden,Newcastle United,3,336,27.0,4.6,2.4959981
Gylfi Sigurdsson,Everton,3,150,27.0,6.8,2.4948032
Kelechi Iheanacho,Leicester,4,233,27.0,5.6,2.4939084
Jamal Lewis,Newcastle United,2,513,27.0,4.2,2.4783258
Jorge Luiz Frello Filho,Chelsea,3,105,27.0,4.7,2.4643686
Matthew Lowton,Burnley,2,92,27.0,4.5,2.4578037
Mateusz Klich,Leeds,3,198,27.0,5.2,2.4520502
Dara O'Shea,West Bromwich Albion,2,425,27.0,4.2,2.4337072
John Lundstram,Sheffield United,3,355,27.0,4.9,2.4289215
Çaglar Söyüncü,Leicester,2,238,27.0,5.3,2.428589
Ben White,Brighton,2,74,27.0,4.4,2.4208074
Ben Davies,Tottenham,2,395,27.0,4.6,2.418357
Ricardo Domingos Barbosa Pereira,Leicester,2,226,27.0,5.9,2.4162402
Dan Burn,Brighton,2,61,27.0,4.2,2.4114134
Ryan Fraser,Newcastle United,3,507,27.0,5.6,2.404313
N'Golo Kanté,Chelsea,3,113,27.0,4.9,2.401561
Andros Townsend,Crystal Palace,3,137,27.0,5.5,2.3956497
Martin Dubravka,Newcastle United,1,326,27.0,4.8,2.3822136
Georginio Wijnaldum,Liverpool,3,243,27.0,5.3,2.3744714
Conor Townsend,West Bromwich Albion,2,418,27.0,4.4,2.369928
Allan Saint-Maximin,Newcastle United,3,338,27.0,5.1,2.3650584
Dean Henderson,Manchester United,1,305,27.0,5.2,2.3609197
Pablo Marí,Arsenal,2,10,27.0,4.4,2.3602114
Miguel Almirón,Newcastle United,3,339,27.0,5.6,2.3442576
Romain Saïss,Wolverhampton Wanderers,2,461,27.0,4.9,2.3335993
Craig Dawson,West Ham,2,576,27.0,4.5,2.3314426
Issa Diop,West Ham,2,451,27.0,4.3,2.3314426
Eberechi Eze,Crystal Palace,3,489,27.0,5.8,2.3291767
Takumi Minamino,Southampton,3,258,27.0,6.0,2.3261902
Thiago Alcántara do Nascimento,Liverpool,3,531,27.0,5.6,2.3258433
Hakim Ziyech,Chelsea,3,114,27.0,7.9,2.3144484
Matt Phillips,West Bromwich Albion,3,411,27.0,5.1,2.3050473
Christian Benteke,Crystal Palace,4,132,27.0,5.5,2.2997591
Josh Brownhill,Burnley,3,98,27.0,4.9,2.2957757
Joel Ward,Crystal Palace,2,134,27.0,4.3,2.2920225
Patrick van Aanholt,Crystal Palace,2,139,27.0,5.4,2.2769337
Luka Milivojevic,Crystal Palace,3,138,27.0,5.6,2.224077
Harrison Reed,Fulham,3,373,27.0,4.4,2.2213898
Darnell Furlong,West Bromwich Albion,2,422,27.0,4.5,2.2194078
Pablo Fornals,West Ham,3,450,27.0,5.9,2.2037907
Jack Cork,Burnley,3,84,27.0,5.0,2.2034132
Oliver Norwood,Sheffield United,3,349,27.0,4.5,2.1935887
Harvey Barnes,Leicester,3,235,27.0,6.9,2.1901243
João Filipe Iria Santos Moutinho,Wolverhampton Wanderers,3,454,27.0,5.2,2.1820688
Curtis Jones,Liverpool,3,263,27.0,4.4,2.1772711
Nélson Cabral Semedo,Wolverhampton Wanderers,2,546,27.0,5.2,2.1637635
Héctor Bellerín,Arsenal,2,11,27.0,5.1,2.1485422
Gary Cahill,Crystal Palace,2,125,27.0,4.5,2.1452188
Leander Dendoncker,Wolverhampton Wanderers,3,464,27.0,4.6,2.1413767
Frederico Rodrigues de Paula Santos,Manchester United,3,299,27.0,5.3,2.1236444
Ben Johnson,West Ham,2,452,27.0,3.9,2.1108716
Diego Llorente,Leeds,2,549,27.0,4.4,2.074361
Ben Godfrey,Everton,2,566,27.0,5.0,2.029811
Tyler Roberts,Leeds,3,206,27.0,4.6,2.01152
Ferran Torres,Manchester City,3,287,27.0,6.9,2.0037
Nathan Tella,Southampton,3,524,27.0,4.3,1.9899241
Olivier Giroud,Chelsea,4,103,27.0,6.7,1.9863071
Jarrod Bowen,West Ham,3,445,27.0,6.0,1.9757539
Cheikhou Kouyaté,Crystal Palace,3,133,27.0,4.8,1.9581547
Antonee Robinson,Fulham,2,484,27.0,4.4,1.9474684
Abdoulaye Doucouré,Everton,3,512,27.0,5.2,1.9376576
Wilfred Ndidi,Leicester,3,236,27.0,4.8,1.9330735
Fabio Henrique Tavares,Liverpool,3,253,27.0,5.4,1.8681022
Oriol Romeu Vidal,Southampton,3,364,27.0,4.5,1.8618054
Ivan Ricardo Neves Abreu Cavaleiro,Fulham,3,187,27.0,5.3,1.8605738
Pascal Struijk,Leeds,2,211,27.0,4.0,1.8555293
Mateo Kovacic,Chelsea,3,107,27.0,5.3,1.8374226
Alexis Mac Allister,Brighton,3,80,27.0,5.3,1.8286656
Jacob Ramsey,Aston Villa,3,554,27.0,4.5,1.8249856
Oliver McBurnie,Sheffield United,4,357,27.0,5.6,1.822618
Alex McCarthy,Southampton,1,363,27.0,4.5,1.8211775
Ciaran Clark,Newcastle United,2,324,27.0,4.5,1.8027853
Ruben Loftus-Cheek,Fulham,3,115,27.0,5.9,1.7966216
Thomas Partey,Arsenal,3,567,27.0,4.9,1.7897325
Bernard Anício Caldeira Duarte,Everton,3,154,27.0,5.7,1.7873007
André-Frank Zambo Anguissa,Fulham,3,191,27.0,4.5,1.782854
Adam Lallana,Brighton,3,54,27.0,6.2,1.782203
Nemanja Matic,Manchester United,3,295,27.0,4.7,1.7670103
André Filipe Tavares Gomes,Everton,3,158,27.0,5.3,1.7488848
Hélder Wander Sousa de Azevedo e Costa,Leeds,3,205,27.0,5.0,1.7076448
Mason Holgate,Everton,2,165,27.0,4.8,1.7065117
Marvelous Nakamba,Aston Villa,3,44,27.0,4.3,1.6663781
James Rodríguez,Everton,3,508,27.0,7.7,1.6535494
Jonathan Castro Otto,Wolverhampton Wanderers,2,462,27.0,5.4,1.6353679
Alex Iwobi,Everton,3,159,27.0,5.9,1.6313891
Darren Randolph,West Ham,1,430,27.0,4.3,1.6306356
Marc Albrighton,Leicester,3,221,27.0,5.2,1.6277056
Christian Pulisic,Chelsea,3,119,27.0,8.2,1.5705249
Mario Lemina,Fulham,3,493,27.0,4.5,1.5668944
Moussa Sissoko,Tottenham,3,385,27.0,4.7,1.56188
David de Gea,Manchester United,1,291,27.0,5.3,1.5521803
Rhian Brewster,Sheffield United,4,262,27.0,4.4,1.5405934
Daniel James,Manchester United,3,311,27.0,6.2,1.5236697
Allan Marques Loureiro,Everton,3,502,27.0,5.2,1.4993526
Lukasz Fabianski,West Ham,1,431,27.0,5.0,1.4643025
Anthony Martial,Manchester United,4,303,27.0,8.7,1.4640634
Marcos Alonso,Chelsea,2,104,27.0,5.7,1.4616737
Victor Lindelöf,Manchester United,2,308,27.0,4.8,1.4416596
Fabio Silva,Wolverhampton Wanderers,4,504,27.0,5.2,1.4364847
Scott McTominay,Manchester United,3,309,27.0,4.9,1.4216218
Aaron Connolly,Brighton,4,78,27.0,5.2,1.416954
Saïd Benrahma,West Ham,3,587,27.0,6.0,1.4062358
Bobby Decordova-Reid,Fulham,4,181,27.0,5.3,1.3915012
Jay Rodriguez,Burnley,4,86,27.0,5.8,1.3853171
Emil Krafth,Newcastle United,2,333,27.0,4.2,1.3784323
Mohamed Naser El Sayed Elneny,Arsenal,3,526,27.0,4.2,1.3692966
Jairo Riedewald,Crystal Palace,3,144,27.0,4.4,1.361949
Jonny Evans,Leicester,2,219,27.0,5.5,1.3600538
Jacob Murphy,Newcastle United,3,497,27.0,4.9,1.354901
Eric Dier,Tottenham,2,391,27.0,4.9,1.3371311
Hamza Choudhury,Leicester,3,234,27.0,4.7,1.3295729
Nampalys Mendy,Leicester,3,518,27.0,4.2,1.3090334
Eric Bailly,Manchester United,2,310,27.0,4.8,1.2973574
Emile Smith Rowe,Arsenal,3,23,27.0,4.3,1.2923687
Danny Welbeck,Brighton,4,588,27.0,5.5,1.2921234
Pablo Hernández Domínguez,Leeds,3,193,27.0,5.7,1.2792165
Manuel Lanzini,West Ham,3,439,27.0,6.4,1.2788125
Karl Darlow,Newcastle United,1,325,27.0,5.0,1.2594017
Jordan Henderson,Liverpool,3,244,27.0,5.4,1.22658
Alex Oxlade-Chamberlain,Liverpool,3,248,27.0,6.3,1.2046036
Erik Lamela,Tottenham,3,387,27.0,5.7,1.1979997
Callum Hudson-Odoi,Chelsea,3,122,27.0,5.7,1.1884674
Billy Sharp,Sheffield United,4,343,27.0,5.5,1.1830708
Wesley Fofana,Leicester,2,561,27.0,5.0,1.1741217
Daniel Amartey,Leicester,2,227,27.0,3.9,1.1634896
Oliver Burke,Sheffield United,3,424,27.0,4.2,1.1587347
James McCarthy,Crystal Palace,3,131,27.0,4.3,1.1524872
Ben Osborn,Sheffield United,3,356,27.0,4.7,1.1424148
Gabriel Magalhães,Arsenal,2,494,27.0,4.9,1.1413168
Aleksandar Mitrović,Fulham,4,184,27.0,5.5,1.1246014
Ki-Jana Hoever,Wolverhampton Wanderers,2,545,27.0,4.4,1.1204699
Kurt Zouma,Chelsea,2,110,27.0,5.4,1.1172024
Xherdan Shaqiri,Liverpool,3,247,27.0,6.4,1.0898491
Adrián San Miguel del Castillo,Liverpool,1,245,27.0,4.2,1.0882065
Ezgjan Alioski,Leeds,2,201,27.0,4.4,1.085615
Robert Snodgrass,West Bromwich Albion,3,428,27.0,5.6,1.0694232
Tammy Abraham,Chelsea,4,118,27.0,7.1,1.0652978
Hal Robson-Kanu,West Bromwich Albion,4,408,27.0,5.2,1.0647877
Keinan Davis,Aston Villa,4,50,27.0,4.3,1.0284985
Matt Ritchie,Newcastle United,3,322,27.0,4.9,1.0183406
Benjamin Mendy,Manchester City,2,274,27.0,5.9,0.9723105
Nathan Aké,Manchester City,2,279,27.0,5.4,0.9723105
Douglas Luiz Soares de Paulo,Aston Villa,3,52,27.0,4.9,0.94042593
Rob Holding,Arsenal,2,16,27.0,4.4,0.92699355
Matthew Cash,Aston Villa,2,496,27.0,5.0,0.9158822
Mahmoud Ahmed Ibrahim Hassan,Aston Villa,3,40,27.0,5.2,0.9150813
Divock Origi,Liverpool,4,256,27.0,5.1,0.8967986
Kai Havertz,Chelsea,3,500,27.0,8.2,0.895331
Dale Stephens,Burnley,3,55,27.0,4.2,0.87772655
Chris Basham,Sheffield United,2,345,27.0,4.6,0.86598855
Jack Grealish,Aston Villa,3,37,27.0,7.6,0.86181056
Naby Keita,Liverpool,3,261,27.0,5.2,0.8441325
Theo Walcott,Southampton,3,148,27.0,5.8,0.84053564
Daniel Ceballos Fernández,Arsenal,3,501,27.0,4.7,0.837093
Alireza Jahanbakhsh,Brighton,3,71,27.0,5.4,0.8121214
Cengiz Ünder,Leicester,3,541,27.0,5.7,0.8021218
Oluwasemilogo Adesewo Ibidapo Ajayi,West Bromwich Albion,2,419,27.0,4.8,0.7966649
James Milner,Liverpool,3,241,27.0,5.3,0.79620504
Kenny Tete,Fulham,2,517,27.0,4.3,0.7792709
Steven Alzate,Brighton,3,79,27.0,4.2,0.7583449
Tom Davies,Everton,3,163,27.0,5.2,0.7528245
Dwight Gayle,Newcastle United,4,329,27.0,5.9,0.7384673
Kalvin Phillips,Leeds,3,204,27.0,4.9,0.7092131
Solomon March,Brighton,3,65,27.0,5.0,0.7074243
Kepa Arrizabalaga,Chelsea,1,112,27.0,4.7,0.7074044
Thiago Thiago,Chelsea,2,490,27.0,5.6,0.6870911
Jeffrey Schlupp,Crystal Palace,3,142,27.0,5.3,0.6826385
Joel Matip,Liverpool,2,246,27.0,5.4,0.6814213
Steven Bergwijn,Tottenham,3,400,27.0,7.0,0.6801934
Ashley Barnes,Burnley,4,87,27.0,6.0,0.67977566
Jack Stephens,Southampton,2,367,27.0,4.6,0.6773637
Ayoze Pérez,Leicester,3,229,27.0,6.0,0.67335993
Ryan Fredericks,West Ham,2,438,27.0,4.2,0.661639
Seamus Coleman,Everton,2,152,27.0,4.8,0.658172
Juan Mata,Manchester United,3,290,27.0,5.8,0.64327383
Daniel N'Lundulu,Southampton,4,590,27.0,4.5,0.64044064
Grady Diangana,West Bromwich Albion,3,446,27.0,5.0,0.64009887
Johann Berg Gudmundsson,Burnley,3,90,27.0,5.4,0.6337363
Raúl Jiménez,Wolverhampton Wanderers,4,460,27.0,8.1,0.6318489
Callum Robinson,West Bromwich Albion,4,358,27.0,5.3,0.62263346
James Maddison,Leicester,3,231,27.0,7.3,0.6197465
Joseph Gomez,Liverpool,2,260,27.0,5.2,0.6087917
Angelo Ogbonna,West Ham,2,432,27.0,4.8,0.6078264
John Egan,Sheffield United,2,353,27.0,4.7,0.6014676
Japhet Tanganga,Tottenham,2,402,27.0,4.9,0.5960057
Virgil van Dijk,Liverpool,2,250,27.0,6.2,0.5938597
Kyle Walker-Peters,Southampton,2,375,27.0,4.7,0.59299403
Branislav Ivanovic,West Bromwich Albion,2,530,27.0,4.4,0.58991796
Phil Jagielka,Sheffield United,2,529,27.0,3.9,0.5775365
Willy Boly,Wolverhampton Wanderers,2,458,27.0,5.4,0.56330615
Daniel Castelo Podence,Wolverhampton Wanderers,3,469,27.0,5.3,0.5599897
Mark Noble,West Ham,3,427,27.0,4.5,0.5261164
Karlan Grant,West Bromwich Albion,4,582,27.0,5.7,0.52451164
Callum Wilson,Newcastle United,4,506,27.0,6.5,0.5192079
Mesut Özil,Arsenal,3,1,27.0,6.7,0.5142876
Michy Batshuayi,Crystal Palace,4,108,27.0,5.7,0.5120935
Rodrigo Moreno,Leeds,4,492,27.0,5.7,0.51149374
Mathew Ryan,Arsenal,1,70,27.0,4.2,0.5055492
Rayan Ait Nouri,Wolverhampton Wanderers,2,563,27.0,5.0,0.5048925
Fernando Marçal,Wolverhampton Wanderers,2,505,27.0,4.7,0.5024828
Giovani Lo Celso,Tottenham,3,403,27.0,6.9,0.49849206
Adam Webster,Brighton,2,66,27.0,4.3,0.49442357
Erik Pieters,Burnley,2,83,27.0,4.3,0.49109957
Jamie Shackleton,Leeds,3,210,27.0,4.8,0.49042416
Shane Long,Southampton,4,361,27.0,5.1,0.48235
Sébastien Haller,West Ham,4,441,27.0,6.1,0.4756887
Robbie Brady,Burnley,3,95,27.0,5.0,0.4678484
Neco Williams,Liverpool,2,264,27.0,3.8,0.4589283
Edward Nketiah,Arsenal,4,22,27.0,5.4,0.45046604
Wilfried Zaha,Crystal Palace,3,141,27.0,7.1,0.4409887
Tyrick Mitchell,Crystal Palace,2,146,27.0,3.8,0.43028876
Andy Carroll,Newcastle United,4,320,27.0,5.1,0.42733726
Reiss Nelson,Arsenal,3,21,27.0,5.1,0.40402296
Romaine Sawyers,West Bromwich Albion,3,413,27.0,4.6,0.40100792
Nicolás Otamendi,Manchester City,2,269,27.0,4.9,0.39766526
Andriy Yarmolenko,West Ham,3,436,27.0,5.5,0.38951272
Joe Bryan,Fulham,2,182,27.0,4.6,0.37978992
James McArthur,Crystal Palace,3,130,27.0,5.2,0.37941507
Yerry Mina,Everton,2,162,27.0,5.5,0.3754553
Nathaniel Clyne,Crystal Palace,2,577,27.0,4.5,0.3596798
Robin Koch,Leeds,2,491,27.0,4.3,0.3582758
Tariq Lamptey,Brighton,2,77,27.0,4.6,0.35789067
Scott Dann,Crystal Palace,2,486,27.0,4.3,0.3536975
Jake Livermore,West Bromwich Albion,3,409,27.0,4.7,0.35153893
Kamil Grosicki,West Bromwich Albion,3,410,27.0,5.2,0.34876025
Federico Fernández,Newcastle United,2,323,27.0,4.7,0.34708905
Harry Wilson,Liverpool,3,257,27.0,5.1,0.3465764
Paul Pogba,Manchester United,3,296,27.0,7.6,0.34355387
Charlie Austin,West Bromwich Albion,4,415,27.0,5.1,0.33904508
Luke Thomas,Leicester,2,240,27.0,4.2,0.3371331
Kieran Gibbs,West Bromwich Albion,2,407,27.0,4.3,0.3336721
Sofiane Boufal,Southampton,3,372,27.0,5.4,0.3298146
Jimmy Dunne,Burnley,2,519,27.0,3.8,0.32632416
Sander Berge,Sheffield United,3,360,27.0,4.9,0.32537887
Harry Winks,Tottenham,3,397,27.0,5.1,0.3204127
Eric Garcia,Manchester City,2,288,27.0,4.7,0.3188898
Arthur Masuaku,West Ham,2,442,27.0,4.3,0.31874347
Sead Kolasinac,Arsenal,2,14,27.0,4.8,0.31661052
Sokratis Papastathopoulos,Arsenal,2,2,27.0,4.8,0.31661052
Felipe Anderson Pereira Gomes,West Ham,3,440,27.0,6.1,0.31245416
Gabriel Teodoro Martinelli Silva,Arsenal,3,26,27.0,4.9,0.31126526
Fabián Balbuena,West Ham,2,443,27.0,4.2,0.30225325
Dennis Praet,Leicester,3,225,27.0,5.2,0.2992359
Kevin Long,Burnley,2,85,27.0,4.3,0.2974903
Jeff Hendrick,Newcastle United,3,485,27.0,4.5,0.29372048
Tom Cairney,Fulham,3,175,27.0,5.2,0.28656647
Shkodran Mustafi,Arsenal,2,7,27.0,5.0,0.2789943
Fabian Schär,Newcastle United,2,334,27.0,4.9,0.2726819
Conor Hourihane,Aston Villa,3,33,27.0,5.9,0.25625128
Max Kilman,Wolverhampton Wanderers,2,470,27.0,4.0,0.25188056
Phil Bardsley,Burnley,2,82,27.0,4.4,0.24766444
Lys Mousset,Sheffield United,4,359,27.0,5.8,0.24698023
Calum Chambers,Arsenal,2,13,27.0,4.5,0.2442919
Jed Steer,Aston Villa,1,32,27.0,3.9,0.24164936
Rúnar Alex Rúnarsson,Arsenal,1,547,27.0,4.4,0.23962551
John Ruddy,Wolverhampton Wanderers,1,453,27.0,4.3,0.235134
William Saliba,Arsenal,2,27,27.0,4.0,0.22999614
Joe Hart,Tottenham,1,482,27.0,4.3,0.22294
Paulo Gazzaniga,Tottenham,1,393,27.0,4.3,0.22294
Rekeem Harper,West Bromwich Albion,3,426,27.0,4.3,0.21736199
Carlos Vinicius Alves Morais,Tottenham,4,564,27.0,6.9,0.21516141
Fikayo Tomori,Chelsea,2,121,27.0,4.7,0.21403965
Javier Manquillo,Newcastle United,2,332,27.0,4.2,0.21269616
Jordan Hugill,West Ham,4,444,27.0,5.5,0.21208984
Danny Rose,Tottenham,2,384,27.0,4.7,0.20462891
Filip Krovinovic,West Bromwich Albion,3,555,27.0,4.9,0.20082238
Sam Field,West Bromwich Albion,3,423,27.0,4.8,0.20082238
Willy Caballero,Chelsea,1,101,27.0,4.6,0.19754943
José Izquierdo,Brighton,3,72,27.0,5.5,0.19201592
Morgan Gibbs-White,Wolverhampton Wanderers,3,473,27.0,4.9,0.18925317
José Ignacio Peleteiro Romallo,Aston Villa,3,34,27.0,5.9,0.18458116
Albian Ajeti,West Ham,4,447,27.0,5.5,0.18225393
Max Lowe,Sheffield United,2,511,27.0,4.3,0.17927264
Ryan Sessegnon,Tottenham,2,399,27.0,4.7,0.17479303
Yan Valery,Southampton,2,378,27.0,4.7,0.17254493
Kortney Hause,Aston Villa,2,39,27.0,4.4,0.17252392
Davy Pröpper,Brighton,3,59,27.0,4.8,0.17138049
Zack Steffen,Manchester City,1,538,27.0,4.4,0.1676013
Emerson Palmieri dos Santos,Chelsea,2,111,27.0,4.7,0.16706198
Liam Delap,Manchester City,4,539,27.0,4.3,0.16355996
Kyle Edwards,West Bromwich Albion,3,421,27.0,4.7,0.16143471
Demarai Gray,Leicester,3,230,27.0,5.1,0.16103312
David Button,West Bromwich Albion,1,56,27.0,4.0,0.15811774
Mbwana Samatta,Aston Villa,4,49,27.0,5.9,0.1548135
Wesley Moraes,Aston Villa,4,48,27.0,6.0,0.1548135
Kenneth Zohore,West Bromwich Albion,4,416,27.0,4.8,0.15456447
Lucas Torreira,Arsenal,3,19,27.0,4.7,0.15328479
Matteo Guendouzi,Arsenal,3,25,27.0,4.7,0.15328479
Rúben Gonçalo Silva Nascimento Vinagre,Wolverhampton Wanderers,2,471,27.0,4.1,0.15201421
Jack O'Connell,Sheffield United,2,354,27.0,4.7,0.15200682
Juan Foyth,Tottenham,2,406,27.0,4.3,0.14612642
Vitor Ferreira,Wolverhampton Wanderers,3,515,27.0,4.7,0.14434744
Donny van de Beek,Manchester United,3,495,27.0,6.6,0.139449
Harvey Elliott,Liverpool,3,265,27.0,4.3,0.13943814
Ahmed El-Sayed Hegazy,West Bromwich Albion,2,414,27.0,4.1,0.13300544
Jonathan Leko,West Bromwich Albion,3,420,27.0,4.5,0.13276812
Christian Atsu,Newcastle United,3,330,27.0,5.2,0.13134733
Oskar Buur,Wolverhampton Wanderers,2,467,27.0,3.9,0.13014881
Joe Rodon,Tottenham,2,584,27.0,5.0,0.1283662
Ian Carlo Poveda-Ocampo,Leeds,3,209,27.0,4.2,0.12529288
Jake Vokins,Southampton,2,380,27.0,3.9,0.12395264
Jack Robinson,Sheffield United,2,352,27.0,4.2,0.123340264
Fabricio Agosto Ramírez,Fulham,1,171,27.0,3.9,0.11902251
Billy Gilmour,Chelsea,3,124,27.0,4.4,0.11772241
Neil Taylor,Aston Villa,2,31,27.0,4.2,0.11576727
Leif Davis,Leeds,2,214,27.0,3.9,0.11336175
Michael Obafemi,Southampton,4,381,27.0,4.6,0.10950126
Luke Freeman,Sheffield United,3,477,27.0,5.0,0.108757816
James Justin,Leicester,2,239,27.0,4.9,0.10799679
Gedson Carvalho Fernandes,Tottenham,3,401,27.0,4.7,0.1043248
Ryan Bennett,Wolverhampton Wanderers,2,456,27.0,4.4,0.1022999
Alex Nicolao Telles,Manchester United,2,568,27.0,5.4,0.10062721
Jack Wilshere,West Ham,3,434,27.0,4.9,0.09813792
Meritan Shabani,Wolverhampton Wanderers,3,553,27.0,4.4,0.09811716
Aaron Mooy,Brighton,3,60,27.0,5.0,0.09569592
Sean Longstaff,Newcastle United,3,480,27.0,4.7,0.09063568
Simon Moore,Sheffield United,1,348,27.0,4.3,0.088434465
Bjorn Engels,Aston Villa,2,36,27.0,4.4,0.085279785
David Martin,West Ham,1,429,27.0,4.0,0.085269116
Léo Bonatini,Wolverhampton Wanderers,4,463,27.0,4.8,0.08327906
DeAndre Yedlin,Newcastle United,2,335,27.0,4.3,0.082677804
Angus Gunn,Southampton,1,371,27.0,4.3,0.08223124
Wayne Hennessey,Crystal Palace,1,126,27.0,4.3,0.079218544
Paul Dummett,Newcastle United,2,331,27.0,4.4,0.07514235
Adam Forshaw,Leeds,3,199,27.0,4.8,0.0721188
Marek Rodák,Fulham,1,186,27.0,4.3,0.070589595
Frédéric Guilbert,Aston Villa,2,47,27.0,4.3,0.06878956
Tom Heaton,Aston Villa,1,28,27.0,4.5,0.06878956
Bruno André Cavaco Jordao,Wolverhampton Wanderers,3,475,27.0,4.3,0.062551394
Bernardo Fernandes da Silva Junior,Brighton,2,75,27.0,3.9,0.060528107
Claudio Bravo,Manchester City,1,267,27.0,4.5,0.059388455
Martin Kelly,Crystal Palace,2,135,27.0,4.1,0.05757149
Moise Kean,Everton,4,169,27.0,5.7,0.05515529
Glenn Murray,Brighton,4,53,27.0,4.8,0.053000286
Christian Fuchs,Leicester,2,218,27.0,4.5,0.050399765
Aboubakar Kamara,Fulham,3,190,27.0,4.8,0.047286678
Ben Gibson,Burnley,2,94,27.0,3.9,0.041228935
Will Norris,Burnley,1,583,27.0,4.0,0.041228935
Oliver Skipp,Tottenham,3,404,27.0,4.4,0.038041987
Mark Gillespie,Newcastle United,1,488,27.0,4.3,0.035700064
Danny Ward,Leicester,1,223,27.0,4.3,0.033909548
Mamadou Sakho,Crystal Palace,2,127,27.0,4.4,0.03224085
Martín Montoya,Brighton,2,63,27.0,4.5,0.030750852
Adrien Silva,Leicester,3,220,27.0,4.4,0.029726824
Jack Butland,Crystal Palace,1,586,27.0,4.5,0.029530494
James Tomkins,Crystal Palace,2,129,27.0,4.4,0.029530494
Roberto Jimenez Gago,West Ham,1,433,27.0,4.5,0.025308816
Denis Odoi,Fulham,2,525,27.0,4.2,0.023611907
Tim Ream,Fulham,2,176,27.0,4.2,0.023611907
Josh Onomah,Fulham,3,188,27.0,4.6,0.01983593
Michael Hector,Fulham,2,178,27.0,4.1,0.016854342
Shane Duffy,Brighton,2,58,27.0,4.3,0.014260635
Anthony Knockaert,Fulham,3,177,27.0,5.0,0.013232769
Max Meyer,Crystal Palace,3,143,27.0,4.7,0.0131765865
Ørjan Nyland,Aston Villa,1,35,27.0,4.0,0.011502434
Cenk Tosun,Everton,4,153,27.0,6.0,0.008177582
Wes Morgan,Leicester,2,216,27.0,4.4,0.003422082
Matthew Longstaff,Newcastle United,3,487,27.0,4.8,0.0009733294
Rolando Aarons,Newcastle United,3,337,27.0,4.8,0.0009733294
Florian Lejeune,Newcastle United,2,327,27.0,4.3,-0.0019161173
Kelland Watts,Newcastle United,2,342,27.0,3.9,-0.0024974898
Indiana Vassilev,Aston Villa,4,51,27.0,4.3,-0.0053470763
Jean Michaël Seri,Fulham,3,189,27.0,4.6,-0.0060106246
Kevin McDonald,Fulham,3,172,27.0,4.7,-0.0060106246
Neeskens Kebano,Fulham,3,180,27.0,4.7,-0.0060106246
Stefan Johansen,Fulham,3,174,27.0,4.7,-0.0060106246
Henri Lansbury,Aston Villa,3,30,27.0,4.3,-0.0060668546
Islam Slimani,Leicester,4,579,27.0,4.9,-0.0073780115
Maxime Le Marchand,Fulham,2,173,27.0,4.1,-0.008992203
Yoshinori Muto,Newcastle United,4,341,27.0,4.8,-0.010444168
Alfie Mawson,Fulham,2,185,27.0,4.3,-0.014004279
Cyrus Christie,Fulham,2,179,27.0,4.2,-0.014004279
Marcus Bettinelli,Fulham,1,183,27.0,4.3,-0.014004279
Zeze Steven Sessegnon,Fulham,2,192,27.0,4.3,-0.014004279
Tommy Doyle,Manchester City,3,285,27.0,4.4,-0.01619216
Matty James,Leicester,3,222,27.0,4.3,-0.016599296
Jean-Philippe Gbamin,Everton,3,161,27.0,5.0,-0.027305791
Brandon Pierrick,Crystal Palace,3,147,27.0,4.3,-0.04392714
Jarrad Branthwaite,Everton,2,170,27.0,3.9,-0.053461228
Terence Kongolo,Fulham,2,585,27.0,4.3,-0.060538746
Robin Olsen,Everton,1,573,27.0,4.5,-0.0696674
Fabian Delph,Everton,3,149,27.0,4.8,-0.075938515
Florin Andone,Brighton,4,64,27.0,4.8,-0.07678897
Connor Wickham,Crystal Palace,4,136,27.0,4.4,-0.08218355
Josh Sims,Southampton,3,374,27.0,4.3,-0.095731616
William Smallbone,Southampton,3,379,27.0,4.4,-0.095731616
Jonjoe Kenny,Everton,2,160,27.0,4.3,-0.10317558
Odion Ighalo,Manchester United,4,293,27.0,6.1,-0.118080676
Jonas Lössl,Everton,1,151,27.0,4.3,-0.11966579
Anthony Gordon,Everton,3,168,27.0,4.3,-0.123196945
Chris Smalling,Manchester United,2,292,27.0,4.9,-0.16751823
Axel Tuanzebe,Manchester United,2,307,27.0,4.2,-0.16820568
Brandon Williams,Manchester United,2,318,27.0,4.2,-0.16845053
Andreas Pereira,Manchester United,3,304,27.0,4.8,-0.1706275
Sergio Romero,Manchester United,1,289,27.0,4.9,-0.18400845
Timothy Fosu-Mensah,Manchester United,2,312,27.0,4.3,-0.19786453
José Diogo Dalot Teixeira,Manchester United,2,314,27.0,4.8,-0.21384436
Marcos Rojo,Manchester United,2,294,27.0,4.8,-0.21384436
Phil Jones,Manchester United,2,297,27.0,4.8,-0.21384436
James Garner,Manchester United,3,317,27.0,4.4,-0.2824272
Tahith Chong,Manchester United,3,316,27.0,4.4,-0.2824272
Ibrahima Diallo,Southampton,3,565,27.0,4.5,-0.32586306
Bruno Miguel Borges Fernandes,Manchester United,3,302,28.0,11.6,7.693244
Kevin De Bruyne,Manchester City,3,272,28.0,11.8,6.7613273
Harry Kane,Tottenham,4,388,28.0,11.1,6.005367
Danny Ings,Southampton,4,366,28.0,8.4,5.8872037
Pedro Lomba Neto,Wolverhampton Wanderers,3,474,28.0,5.7,5.7294793
Heung-Min Son,Tottenham,3,390,28.0,9.5,5.693324
Marcus Rashford,Manchester United,3,306,28.0,9.6,5.2930417
Raheem Sterling,Manchester City,3,276,28.0,11.6,5.1341405
Alexandre Lacazette,Arsenal,4,6,28.0,8.1,4.9768543
Rúben Santos Gato Alves Dias,Manchester City,2,556,28.0,6.1,4.7786
Jamie Vardy,Leicester,4,224,28.0,10.2,4.666158
Richarlison de Andrade,Everton,4,166,28.0,7.9,4.6617613
Sadio Mané,Liverpool,3,251,28.0,11.8,4.5789585
Nicolas Pépé,Arsenal,3,18,28.0,7.6,4.5741634
Bernd Leno,Arsenal,1,8,28.0,5.0,4.3830485
Mason Mount,Chelsea,3,120,28.0,6.8,4.352481
Dominic Calvert-Lewin,Everton,4,164,28.0,7.8,4.321275
James Ward-Prowse,Southampton,3,370,28.0,5.9,4.280836
Luke Shaw,Manchester United,2,300,28.0,5.1,4.247983
Mohamed Salah,Liverpool,3,254,28.0,12.6,4.2181787
Pierre-Emerick Aubameyang,Arsenal,3,4,28.0,11.3,4.209342
Riyad Mahrez,Manchester City,3,275,28.0,8.1,4.1737947
Che Adams,Southampton,4,377,28.0,5.8,4.157903
Patrick Bamford,Leeds,4,202,28.0,6.8,4.1119213
Timo Werner,Chelsea,4,117,28.0,9.2,4.0909443
Trent Alexander-Arnold,Liverpool,2,259,28.0,7.4,4.0872803
Youri Tielemans,Leicester,3,228,28.0,6.4,4.0506845
Willian Borges Da Silva,Arsenal,3,478,28.0,7.5,4.019478
Michail Antonio,West Ham,4,437,28.0,6.5,4.0013227
Aaron Wan-Bissaka,Manchester United,2,313,28.0,5.6,3.9659889
João Pedro Cavaco Cancelo,Manchester City,2,277,28.0,6.2,3.941582
Raphael Dias Belloli,Leeds,3,570,28.0,5.4,3.8512514
Gabriel Fernando de Jesus,Manchester City,4,282,28.0,9.2,3.8481252
Aaron Cresswell,West Ham,2,435,28.0,5.8,3.837497
Andrew Robertson,Liverpool,2,255,28.0,7.2,3.8227274
Adama Traoré,Wolverhampton Wanderers,3,465,28.0,6.0,3.802544
Roberto Firmino,Liverpool,4,249,28.0,9.2,3.768761
Fraser Forster,Southampton,1,523,28.0,4.0,3.7539995
Kieran Tierney,Arsenal,2,17,28.0,5.2,3.7374027
Ollie Watkins,Aston Villa,4,514,28.0,6.6,3.7364533
Harry Maguire,Manchester United,2,298,28.0,5.5,3.7218783
Jannik Vestergaard,Southampton,2,369,28.0,4.7,3.7059765
Jesse Lingard,West Ham,3,301,28.0,6.0,3.6965742
Mason Greenwood,Manchester United,3,315,28.0,7.0,3.6820908
Rui Pedro dos Santos Patrício,Wolverhampton Wanderers,1,455,28.0,5.3,3.6475425
David Luiz Moreira Marinho,Arsenal,2,3,28.0,5.4,3.6180334
Sam Johnstone,West Bromwich Albion,1,417,28.0,4.5,3.5950642
Conor Coady,Wolverhampton Wanderers,2,459,28.0,4.8,3.579156
Tomas Soucek,West Ham,3,449,28.0,5.3,3.5759892
Ederson Santana de Moraes,Manchester City,1,278,28.0,6.1,3.5700905
Stuart Dallas,Leeds,2,200,28.0,5.0,3.5690012
Stuart Armstrong,Southampton,3,368,28.0,5.5,3.5494757
Lucas Digne,Everton,2,155,28.0,6.2,3.5382879
Illan Meslier,Leeds,1,213,28.0,4.6,3.5369134
Ilkay Gündogan,Manchester City,3,271,28.0,6.2,3.5219917
Hugo Lloris,Tottenham,1,383,28.0,5.6,3.4954739
Vicente Guaita,Crystal Palace,1,128,28.0,4.8,3.4877522
Kasper Schmeichel,Leicester,1,217,28.0,5.5,3.4864705
Dean Henderson,Manchester United,1,305,28.0,5.2,3.4778833
Tyrone Mings,Aston Villa,2,41,28.0,5.4,3.4662302
Ryan Bertrand,Southampton,2,362,28.0,5.0,3.4661896
Rúben Diogo da Silva Neves,Wolverhampton Wanderers,3,466,28.0,5.1,3.4589496
Bertrand Traoré,Aston Villa,3,540,28.0,5.9,3.4548054
Jordan Pickford,Everton,1,157,28.0,4.8,3.4471495
Aaron Ramsdale,Sheffield United,1,483,28.0,4.6,3.4255378
Emiliano Martínez,Aston Villa,1,12,28.0,5.3,3.4254215
Matt Targett,Aston Villa,2,42,28.0,5.0,3.3982618
Timothy Castagne,Leicester,2,498,28.0,5.7,3.3974948
Ezri Konsa Ngoyo,Aston Villa,2,46,28.0,4.6,3.3882892
Gylfi Sigurdsson,Everton,3,150,28.0,6.8,3.3346584
Nick Pope,Burnley,1,96,28.0,5.6,3.3020244
Jordan Ayew,Crystal Palace,4,140,28.0,5.6,3.2961683
Michael Keane,Everton,2,156,28.0,5.1,3.2774158
Vladimir Coufal,West Ham,2,558,28.0,4.6,3.276624
David McGoldrick,Sheffield United,4,344,28.0,5.2,3.2631311
Alisson Ramses Becker,Liverpool,1,252,28.0,5.9,3.2622654
Bukayo Saka,Arsenal,3,24,28.0,5.2,3.253659
Granit Xhaka,Arsenal,3,9,28.0,5.2,3.195505
Leander Dendoncker,Wolverhampton Wanderers,3,464,28.0,4.6,3.1686397
Jan Bednarek,Southampton,2,376,28.0,4.9,3.1316197
Romain Saïss,Wolverhampton Wanderers,2,461,28.0,4.9,3.1251774
Gareth Bale,Tottenham,3,543,28.0,9.3,3.1015854
Lewis Dunk,Brighton,2,62,28.0,4.9,3.0765235
Bamidele Alli,Tottenham,3,394,28.0,7.4,3.070286
Andros Townsend,Crystal Palace,3,137,28.0,5.5,3.044112
Anwar El Ghazi,Aston Villa,3,45,28.0,5.3,3.0375733
Nélson Cabral Semedo,Wolverhampton Wanderers,2,546,28.0,5.2,3.0200572
Matej Vydra,Burnley,4,93,28.0,4.8,3.010946
Chris Wood,Burnley,4,91,28.0,6.2,2.9958575
Christian Benteke,Crystal Palace,4,132,28.0,5.5,2.9796085
Çaglar Söyüncü,Leicester,2,238,28.0,5.3,2.9610612
Ricardo Domingos Barbosa Pereira,Leicester,2,226,28.0,5.9,2.9233406
Matt Doherty,Tottenham,2,457,28.0,5.6,2.9157894
Declan Rice,West Ham,3,448,28.0,4.7,2.9074943
João Filipe Iria Santos Moutinho,Wolverhampton Wanderers,3,454,28.0,5.2,2.8553247
Matheus Pereira,West Bromwich Albion,3,481,28.0,5.4,2.8322241
Edouard Mendy,Chelsea,1,548,28.0,5.1,2.8215342
Neal Maupay,Brighton,4,68,28.0,6.1,2.8171136
Cédric Soares,Arsenal,2,5,28.0,4.6,2.8169072
Pablo Marí,Arsenal,2,10,28.0,4.4,2.8156087
Luka Milivojevic,Crystal Palace,3,138,28.0,5.6,2.8129904
Eberechi Eze,Crystal Palace,3,489,28.0,5.8,2.7926018
Nathan Redmond,Southampton,3,365,28.0,6.4,2.784271
Toby Alderweireld,Tottenham,2,386,28.0,5.4,2.7646027
Joel Ward,Crystal Palace,2,134,28.0,4.3,2.7581208
César Azpilicueta,Chelsea,2,102,28.0,5.7,2.7333539
Bernardo Mota Veiga de Carvalho e Silva,Manchester City,3,281,28.0,7.4,2.7307346
Edinson Cavani,Manchester United,4,569,28.0,7.9,2.729095
Alphonse Areola,Fulham,1,516,28.0,4.5,2.7098267
Leandro Trossard,Brighton,3,69,28.0,5.7,2.7024994
Martin Dubravka,Newcastle United,1,326,28.0,4.8,2.6979852
Patrick van Aanholt,Crystal Palace,2,139,28.0,5.4,2.688265
Joelinton Cássio Apolinário de Lira,Newcastle United,4,340,28.0,5.7,2.686796
John McGinn,Aston Villa,3,38,28.0,5.5,2.683144
Kyle Walker,Manchester City,2,270,28.0,6.1,2.6800742
Gary Cahill,Crystal Palace,2,125,28.0,4.5,2.6797414
Frederico Rodrigues de Paula Santos,Manchester United,3,299,28.0,5.3,2.6775372
Benjamin Chilwell,Chelsea,2,232,28.0,5.8,2.6768746
Ben Mee,Burnley,2,88,28.0,5.1,2.6542401
Joël Veltman,Brighton,2,67,28.0,4.3,2.6467803
Ainsley Maitland-Niles,West Bromwich Albion,2,15,28.0,4.6,2.6460989
Kelechi Iheanacho,Leicester,4,233,28.0,5.6,2.62706
Mateusz Klich,Leeds,3,198,28.0,5.2,2.6191695
Conor Gallagher,West Bromwich Albion,3,544,28.0,5.5,2.6133132
Joachim Andersen,Fulham,2,571,28.0,4.5,2.6013992
Ben Godfrey,Everton,2,566,28.0,5.0,2.5983076
Liam Cooper,Leeds,2,195,28.0,4.3,2.5727315
Dwight McNeil,Burnley,3,100,28.0,5.7,2.557051
Ahmed El Mohamady,Aston Villa,2,29,28.0,4.3,2.5567155
Davinson Sánchez,Tottenham,2,398,28.0,5.2,2.538145
Cheikhou Kouyaté,Crystal Palace,3,133,28.0,4.8,2.5138247
Lucas Rodrigues Moura da Silva,Tottenham,3,392,28.0,6.6,2.5100348
Mason Holgate,Everton,2,165,28.0,4.8,2.4992344
Kyle Bartley,West Bromwich Albion,2,412,28.0,4.4,2.495859
John Stones,Manchester City,2,273,28.0,5.2,2.4876206
James Tarkowski,Burnley,2,81,28.0,5.3,2.4847858
Luke Ayling,Leeds,2,197,28.0,4.4,2.4543235
Pascal Groß,Brighton,3,57,28.0,5.8,2.4514158
Wilfred Ndidi,Leicester,3,236,28.0,4.8,2.4465268
George Baldock,Sheffield United,2,351,28.0,4.9,2.4224856
John Fleck,Sheffield United,3,346,28.0,5.6,2.406113
Ademola Lookman,Fulham,3,557,28.0,5.0,2.4055917
Pierre-Emile Højbjerg,Tottenham,3,396,28.0,4.9,2.4023433
Moussa Djenepo,Southampton,3,382,28.0,5.4,2.3990028
Tanguy Ndombele,Tottenham,3,405,28.0,5.9,2.3863387
Jamal Lewis,Newcastle United,2,513,28.0,4.2,2.3858027
Charlie Taylor,Burnley,2,97,28.0,4.4,2.3848097
Enda Stevens,Sheffield United,2,347,28.0,5.0,2.3833127
Diego Llorente,Leeds,2,549,28.0,4.4,2.3705926
Ethan Ampadu,Sheffield United,2,509,28.0,4.3,2.3629699
Antonio Rüdiger,Chelsea,2,109,28.0,4.6,2.3505042
Ryan Fraser,Newcastle United,3,507,28.0,5.6,2.3484395
Ashley Westwood,Burnley,3,89,28.0,5.3,2.338588
Reece James,Chelsea,2,123,28.0,5.0,2.3259954
Serge Aurier,Tottenham,2,389,28.0,5.2,2.3136923
Abdoulaye Doucouré,Everton,3,512,28.0,5.2,2.305166
Jamaal Lascelles,Newcastle United,2,328,28.0,4.2,2.3040345
Nemanja Matic,Manchester United,3,295,28.0,4.7,2.302047
Allan Saint-Maximin,Newcastle United,3,338,28.0,5.1,2.2923954
Yves Bissouma,Brighton,3,76,28.0,4.4,2.2784407
Pablo Fornals,West Ham,3,450,28.0,5.9,2.269504
Eric Bailly,Manchester United,2,310,28.0,4.8,2.269192
Hakim Ziyech,Chelsea,3,114,28.0,7.9,2.2597847
Tyler Roberts,Leeds,3,206,28.0,4.6,2.2574475
Matthew Lowton,Burnley,2,92,28.0,4.5,2.2571006
André Filipe Tavares Gomes,Everton,3,158,28.0,5.3,2.2372952
Georginio Wijnaldum,Liverpool,3,243,28.0,5.3,2.2337892
Dan Burn,Brighton,2,61,28.0,4.2,2.2067409
Ben White,Brighton,2,74,28.0,4.4,2.202832
Dara O'Shea,West Bromwich Albion,2,425,28.0,4.2,2.2011056
Marc Albrighton,Leicester,3,221,28.0,5.2,2.1953063
Ben Davies,Tottenham,2,395,28.0,4.6,2.194014
John Lundstram,Sheffield United,3,355,28.0,4.9,2.1880772
Craig Dawson,West Ham,2,576,28.0,4.5,2.1525888
Diogo Jota,Liverpool,3,468,28.0,6.6,2.151254
Jonjo Shelvey,Newcastle United,3,321,28.0,5.3,2.1454036
Issa Diop,West Ham,2,451,28.0,4.3,2.1452377
Aymeric Laporte,Manchester City,2,280,28.0,6.0,2.1444533
Tosin Adarabioyo,Fulham,2,572,28.0,4.5,2.1233027
Jack Harrison,Leeds,3,203,28.0,5.4,2.1224244
Pascal Struijk,Leeds,2,211,28.0,4.0,2.1096027
N'Golo Kanté,Chelsea,3,113,28.0,4.9,2.0896637
Oliver Norwood,Sheffield United,3,349,28.0,4.5,2.086738
Sergio Reguilón,Tottenham,2,542,28.0,5.5,2.0859127
Thiago Alcántara do Nascimento,Liverpool,3,531,28.0,5.6,2.0795813
Mohamed Naser El Sayed Elneny,Arsenal,3,526,28.0,4.2,2.0690203
Jorge Luiz Frello Filho,Chelsea,3,105,28.0,4.7,2.065997
Conor Townsend,West Bromwich Albion,2,418,28.0,4.4,2.0654383
Josh Brownhill,Burnley,3,98,28.0,4.9,2.0651152
Darnell Furlong,West Bromwich Albion,2,422,28.0,4.5,2.0475752
Andreas Christensen,Chelsea,2,116,28.0,4.7,2.0112646
Bernard Anício Caldeira Duarte,Everton,3,154,28.0,5.7,2.0021274
Jack Cork,Burnley,3,84,28.0,5.0,1.9897137
Matt Phillips,West Bromwich Albion,3,411,28.0,5.1,1.9820002
Héctor Bellerín,Arsenal,2,11,28.0,5.1,1.9625156
Daniel Amartey,Leicester,2,227,28.0,3.9,1.9499909
Isaac Hayden,Newcastle United,3,336,28.0,4.6,1.9429195
Fabio Henrique Tavares,Liverpool,3,253,28.0,5.4,1.942842
Ben Johnson,West Ham,2,452,28.0,3.9,1.9366357
Joseph Willock,Newcastle United,3,20,28.0,4.7,1.9350176
Mohammed Salisu,Southampton,2,479,28.0,4.3,1.9238588
Allan Marques Loureiro,Everton,3,502,28.0,5.2,1.9165943
Ross Barkley,Aston Villa,3,106,28.0,5.9,1.9134256
Miguel Almirón,Newcastle United,3,339,28.0,5.6,1.8994017
Scott McTominay,Manchester United,3,309,28.0,4.9,1.8923119
Thomas Partey,Arsenal,3,567,28.0,4.9,1.8845532
Jacob Ramsey,Aston Villa,3,554,28.0,4.5,1.8094795
Darren Randolph,West Ham,1,430,28.0,4.3,1.8068061
Ciaran Clark,Newcastle United,2,324,28.0,4.5,1.7858139
Curtis Jones,Liverpool,3,263,28.0,4.4,1.7594304
Ola Aina,Fulham,2,562,28.0,4.5,1.7452967
Mario Lemina,Fulham,3,493,28.0,4.5,1.7313328
Alexis Mac Allister,Brighton,3,80,28.0,5.3,1.6958404
Ruben Loftus-Cheek,Fulham,3,115,28.0,5.9,1.6941676
Rodrigo Hernandez,Manchester City,3,286,28.0,5.3,1.6867192
Harrison Reed,Fulham,3,373,28.0,4.4,1.6658394
Ivan Ricardo Neves Abreu Cavaleiro,Fulham,3,187,28.0,5.3,1.659418
Aaron Connolly,Brighton,4,78,28.0,5.2,1.6576978
Alex Iwobi,Everton,3,159,28.0,5.9,1.6510553
Marvelous Nakamba,Aston Villa,3,44,28.0,4.3,1.6508721
Jarrod Bowen,West Ham,3,445,28.0,6.0,1.6435026
Daniel James,Manchester United,3,311,28.0,6.2,1.6408166
Rhian Brewster,Sheffield United,4,262,28.0,4.4,1.6109208
Adam Lallana,Brighton,3,54,28.0,6.2,1.6094904
David de Gea,Manchester United,1,291,28.0,5.3,1.6091378
Victor Lindelöf,Manchester United,2,308,28.0,4.8,1.5771829
Emile Smith Rowe,Arsenal,3,23,28.0,4.3,1.5467879
Moussa Sissoko,Tottenham,3,385,28.0,4.7,1.5429564
Ki-Jana Hoever,Wolverhampton Wanderers,2,545,28.0,4.4,1.5370072
Fabio Silva,Wolverhampton Wanderers,4,504,28.0,5.2,1.5248028
Jacob Murphy,Newcastle United,3,497,28.0,4.9,1.523301
Hélder Wander Sousa de Azevedo e Costa,Leeds,3,205,28.0,5.0,1.5230491
Erik Lamela,Tottenham,3,387,28.0,5.7,1.5116049
Danny Welbeck,Brighton,4,588,28.0,5.5,1.50097
Hamza Choudhury,Leicester,3,234,28.0,4.7,1.4685904
Emil Krafth,Newcastle United,2,333,28.0,4.2,1.4422631
Nampalys Mendy,Leicester,3,518,28.0,4.2,1.4278153
Christian Pulisic,Chelsea,3,119,28.0,8.2,1.4203973
Nathan Tella,Southampton,3,524,28.0,4.3,1.4071554
Antonee Robinson,Fulham,2,484,28.0,4.4,1.3909307
Jonathan Castro Otto,Wolverhampton Wanderers,2,462,28.0,5.4,1.3426498
Oliver McBurnie,Sheffield United,4,357,28.0,5.6,1.3200144
Mateo Kovacic,Chelsea,3,107,28.0,5.3,1.2911432
Aleksandar Mitrović,Fulham,4,184,28.0,5.5,1.287976
Jairo Riedewald,Crystal Palace,3,144,28.0,4.4,1.2659136
Bobby Decordova-Reid,Fulham,4,181,28.0,5.3,1.263819
Rob Holding,Arsenal,2,16,28.0,4.4,1.2571391
Anthony Martial,Manchester United,4,303,28.0,8.7,1.2093357
Jay Rodriguez,Burnley,4,86,28.0,5.8,1.2023541
James McCarthy,Crystal Palace,3,131,28.0,4.3,1.1978995
Oliver Burke,Sheffield United,3,424,28.0,4.2,1.1850909
Pablo Hernández Domínguez,Leeds,3,193,28.0,5.7,1.172391
Marcos Alonso,Chelsea,2,104,28.0,5.7,1.167843
Daniel Ceballos Fernández,Arsenal,3,501,28.0,4.7,1.1621155
Sergio Agüero,Manchester City,4,268,28.0,10.3,1.1553032
Saïd Benrahma,West Ham,3,587,28.0,6.0,1.1456991
Hal Robson-Kanu,West Bromwich Albion,4,408,28.0,5.2,1.1222136
Matt Ritchie,Newcastle United,3,322,28.0,4.9,1.0852655
Karl Darlow,Newcastle United,1,325,28.0,5.0,1.0830939
Ben Osborn,Sheffield United,3,356,28.0,4.7,1.0780743
Callum Hudson-Odoi,Chelsea,3,122,28.0,5.7,1.0478958
Phil Foden,Manchester City,3,284,28.0,6.1,1.0351273
Mahmoud Ahmed Ibrahim Hassan,Aston Villa,3,40,28.0,5.2,1.0031853
Wesley Fofana,Leicester,2,561,28.0,5.0,0.9914732
Lukasz Fabianski,West Ham,1,431,28.0,5.0,0.9815577
Jonny Evans,Leicester,2,219,28.0,5.5,0.9633832
Ezgjan Alioski,Leeds,2,201,28.0,4.4,0.96141744
Alex Oxlade-Chamberlain,Liverpool,3,248,28.0,6.3,0.9549072
Kurt Zouma,Chelsea,2,110,28.0,5.4,0.9505549
Keinan Davis,Aston Villa,4,50,28.0,4.3,0.94531876
André-Frank Zambo Anguissa,Fulham,3,191,28.0,4.5,0.9325256
Olivier Giroud,Chelsea,4,103,28.0,6.7,0.9278253
Billy Sharp,Sheffield United,4,343,28.0,5.5,0.9268512
Kai Havertz,Chelsea,3,500,28.0,8.2,0.917002
Robert Snodgrass,West Bromwich Albion,3,428,28.0,5.6,0.9025869
Tammy Abraham,Chelsea,4,118,28.0,7.1,0.8986501
Jordan Henderson,Liverpool,3,244,28.0,5.4,0.8958272
Chris Basham,Sheffield United,2,345,28.0,4.6,0.8913603
Cengiz Ünder,Leicester,3,541,28.0,5.7,0.88698745
Matthew Cash,Aston Villa,2,496,28.0,5.0,0.8070492
Alireza Jahanbakhsh,Brighton,3,71,28.0,5.4,0.7793051
Jeffrey Schlupp,Crystal Palace,3,142,28.0,5.3,0.7787314
Oleksandr Zinchenko,Manchester City,2,283,28.0,5.5,0.7779269
Fernando Luiz Rosa,Manchester City,2,266,28.0,5.4,0.7566843
Douglas Luiz Soares de Paulo,Aston Villa,3,52,28.0,4.9,0.73878646
Gabriel Magalhães,Arsenal,2,494,28.0,4.9,0.73393387
Paul Pogba,Manchester United,3,296,28.0,7.6,0.7069802
Daniel N'Lundulu,Southampton,4,590,28.0,4.5,0.69973534
James Rodríguez,Everton,3,508,28.0,7.7,0.69845855
Eric Dier,Tottenham,2,391,28.0,4.9,0.6943719
Raúl Jiménez,Wolverhampton Wanderers,4,460,28.0,8.1,0.6836632
Oriol Romeu Vidal,Southampton,3,364,28.0,4.5,0.6813997
Theo Walcott,Southampton,3,148,28.0,5.8,0.6675923
Divock Origi,Liverpool,4,256,28.0,5.1,0.6609614
Seamus Coleman,Everton,2,152,28.0,4.8,0.6569785
Yerry Mina,Everton,2,162,28.0,5.5,0.6481625
Adrián San Miguel del Castillo,Liverpool,1,245,28.0,4.2,0.64723706
Kepa Arrizabalaga,Chelsea,1,112,28.0,4.7,0.6446196
Callum Wilson,Newcastle United,4,506,28.0,6.5,0.6357637
Wilfried Zaha,Crystal Palace,3,141,28.0,7.1,0.6301134
Xherdan Shaqiri,Liverpool,3,247,28.0,6.4,0.62641335
Donny van de Beek,Manchester United,3,495,28.0,6.6,0.6206578
Alex McCarthy,Southampton,1,363,28.0,4.5,0.61819285
Willy Boly,Wolverhampton Wanderers,2,458,28.0,5.4,0.61512035
Daniel Castelo Podence,Wolverhampton Wanderers,3,469,28.0,5.3,0.61180395
Steven Alzate,Brighton,3,79,28.0,4.2,0.5989287
Takumi Minamino,Southampton,3,258,28.0,6.0,0.58995867
Ashley Barnes,Burnley,4,87,28.0,6.0,0.5864053
John Egan,Sheffield United,2,353,28.0,4.7,0.58508325
Ferran Torres,Manchester City,3,287,28.0,6.9,0.58481014
Rodrigo Moreno,Leeds,4,492,28.0,5.7,0.5831144
Steven Bergwijn,Tottenham,3,400,28.0,7.0,0.5768658
Ayoze Pérez,Leicester,3,229,28.0,6.0,0.5758263
Bruno André Cavaco Jordao,Wolverhampton Wanderers,3,475,28.0,4.3,0.5651925
Kenny Tete,Fulham,2,517,28.0,4.3,0.56194544
Robbie Brady,Burnley,3,95,28.0,5.0,0.561141
Alex Nicolao Telles,Manchester United,2,568,28.0,5.4,0.5479126
Michy Batshuayi,Crystal Palace,4,108,28.0,5.7,0.5413671
Adam Webster,Brighton,2,66,28.0,4.3,0.5346813
Nathaniel Clyne,Crystal Palace,2,577,28.0,4.5,0.5285961
Dwight Gayle,Newcastle United,4,329,28.0,5.9,0.52855545
Thiago Thiago,Chelsea,2,490,28.0,5.6,0.5204432
Manuel Lanzini,West Ham,3,439,28.0,6.4,0.5106677
Jack Grealish,Aston Villa,3,37,28.0,7.6,0.50686985
Kalvin Phillips,Leeds,3,204,28.0,4.9,0.49813226
Solomon March,Brighton,3,65,28.0,5.0,0.4947638
Shane Long,Southampton,4,361,28.0,5.1,0.48849964
Oluwasemilogo Adesewo Ibidapo Ajayi,West Bromwich Albion,2,419,28.0,4.8,0.48335472
Jack Stephens,Southampton,2,367,28.0,4.6,0.47495338
Giovani Lo Celso,Tottenham,3,403,28.0,6.9,0.4722231
Phil Jagielka,Sheffield United,2,529,28.0,3.9,0.47070888
Kyle Walker-Peters,Southampton,2,375,28.0,4.7,0.4665638
Angelo Ogbonna,West Ham,2,432,28.0,4.8,0.46402854
James McArthur,Crystal Palace,3,130,28.0,5.2,0.46164867
Mesut Özil,Arsenal,3,1,28.0,6.7,0.46015143
Luke Thomas,Leicester,2,240,28.0,4.2,0.45131475
Fernando Marçal,Wolverhampton Wanderers,2,505,28.0,4.7,0.45043427
Joel Matip,Liverpool,2,246,28.0,5.4,0.4466138
Grady Diangana,West Bromwich Albion,3,446,28.0,5.0,0.44189814
Juan Mata,Manchester United,3,290,28.0,5.8,0.43429515
Callum Robinson,West Bromwich Albion,4,358,28.0,5.3,0.4244328
Johann Berg Gudmundsson,Burnley,3,90,28.0,5.4,0.4185163
Scott Dann,Crystal Palace,2,486,28.0,4.3,0.4157867
Sébastien Haller,West Ham,4,441,28.0,6.1,0.41560936
Rayan Ait Nouri,Wolverhampton Wanderers,2,563,28.0,5.0,0.4016986
James Milner,Liverpool,3,241,28.0,5.3,0.40054673
Edward Nketiah,Arsenal,4,22,28.0,5.4,0.3963298
Tariq Lamptey,Brighton,2,77,28.0,4.6,0.39501405
Conor Hourihane,Aston Villa,3,33,28.0,5.9,0.39453688
Sofiane Boufal,Southampton,3,372,28.0,5.4,0.39342383
Dale Stephens,Burnley,3,55,28.0,4.2,0.3878266
Tom Davies,Everton,3,163,28.0,5.2,0.37728232
Ryan Fredericks,West Ham,2,438,28.0,4.2,0.35959148
Benjamin Mendy,Manchester City,2,274,28.0,5.9,0.35620934
Nathan Aké,Manchester City,2,279,28.0,5.4,0.35620934
Reiss Nelson,Arsenal,3,21,28.0,5.1,0.34988672
Mark Noble,West Ham,3,427,28.0,4.5,0.34251833
Branislav Ivanovic,West Bromwich Albion,2,530,28.0,4.4,0.34057206
Kortney Hause,Aston Villa,2,39,28.0,4.4,0.33095387
Andriy Yarmolenko,West Ham,3,436,28.0,5.5,0.32943338
Mathew Ryan,Arsenal,1,70,28.0,4.2,0.32683602
José Ignacio Peleteiro Romallo,Aston Villa,3,34,28.0,5.9,0.32286683
Michael Obafemi,Southampton,4,381,28.0,4.6,0.31873792
Federico Fernández,Newcastle United,2,323,28.0,4.7,0.30645832
Jeff Hendrick,Newcastle United,3,485,28.0,4.5,0.30288512
Dennis Praet,Leicester,3,225,28.0,5.2,0.30020946
Japhet Tanganga,Tottenham,2,402,28.0,4.9,0.29480588
Harry Winks,Tottenham,3,397,28.0,5.1,0.29414344
Mbwana Samatta,Aston Villa,4,49,28.0,5.9,0.29309914
Wesley Moraes,Aston Villa,4,48,28.0,6.0,0.29309914
Erik Pieters,Burnley,2,83,28.0,4.3,0.2924172
Joseph Gomez,Liverpool,2,260,28.0,5.2,0.29026598
Yan Valery,Southampton,2,378,28.0,4.7,0.2819512
Chris Smalling,Manchester United,2,292,28.0,4.9,0.27976727
Odion Ighalo,Manchester United,4,293,28.0,6.1,0.27940947
Arthur Masuaku,West Ham,2,442,28.0,4.3,0.27880841
Robin Koch,Leeds,2,491,28.0,4.3,0.27623826
Andy Carroll,Newcastle United,4,320,28.0,5.1,0.27605066
Virgil van Dijk,Liverpool,2,250,28.0,6.2,0.27533388
Neil Taylor,Aston Villa,2,31,28.0,4.2,0.27419713
Jimmy Dunne,Burnley,2,519,28.0,3.8,0.27338928
Jake Vokins,Southampton,2,380,28.0,3.9,0.26488236
Sergio Romero,Manchester United,1,289,28.0,4.9,0.26327705
Sead Kolasinac,Arsenal,2,14,28.0,4.8,0.2624742
Sokratis Papastathopoulos,Arsenal,2,2,28.0,4.8,0.2624742
Fabián Balbuena,West Ham,2,443,28.0,4.2,0.26231813
Lys Mousset,Sheffield United,4,359,28.0,5.8,0.26024702
Brandon Williams,Manchester United,2,318,28.0,4.2,0.25869066
Gabriel Teodoro Martinelli Silva,Arsenal,3,26,28.0,4.9,0.25712892
Fabian Schär,Newcastle United,2,334,28.0,4.9,0.25322774
Felipe Anderson Pereira Gomes,West Ham,3,440,28.0,6.1,0.2523749
Naby Keita,Liverpool,3,261,28.0,5.2,0.2494727
Karlan Grant,West Bromwich Albion,4,582,28.0,5.7,0.24925245
Sander Berge,Sheffield United,3,360,28.0,4.9,0.24742045
Moise Kean,Everton,4,169,28.0,5.7,0.24614443
Bjorn Engels,Aston Villa,2,36,28.0,4.4,0.24370961
Jed Steer,Aston Villa,1,32,28.0,3.9,0.2429988
Jamie Shackleton,Leeds,3,210,28.0,4.8,0.24101156
Angus Gunn,Southampton,1,371,28.0,4.3,0.23679432
Timothy Fosu-Mensah,Manchester United,2,312,28.0,4.3,0.22927657
Kevin Long,Burnley,2,85,28.0,4.3,0.22882631
Frédéric Guilbert,Aston Villa,2,47,28.0,4.3,0.22721939
Tom Heaton,Aston Villa,1,28,28.0,4.5,0.22721939
Shkodran Mustafi,Arsenal,2,7,28.0,5.0,0.22485793
Joe Hart,Tottenham,1,482,28.0,4.3,0.2168152
Paulo Gazzaniga,Tottenham,1,393,28.0,4.3,0.2168152
Josh Sims,Southampton,3,374,28.0,4.3,0.21612138
William Smallbone,Southampton,3,379,28.0,4.4,0.21612138
Willy Caballero,Chelsea,1,101,28.0,4.6,0.20797396
Max Kilman,Wolverhampton Wanderers,2,470,28.0,4.0,0.20608799
Martin Kelly,Crystal Palace,2,135,28.0,4.1,0.20355263
Jonjoe Kenny,Everton,2,160,28.0,4.3,0.20102133
Danny Rose,Tottenham,2,384,28.0,4.7,0.19850409
Christian Atsu,Newcastle United,3,330,28.0,5.2,0.19827235
José Diogo Dalot Teixeira,Manchester United,2,314,28.0,4.8,0.19582489
Marcos Rojo,Manchester United,2,294,28.0,4.8,0.19582489
Phil Jones,Manchester United,2,297,28.0,4.8,0.19582489
Tyrick Mitchell,Crystal Palace,2,146,28.0,3.8,0.19226123
Andreas Pereira,Manchester United,3,304,28.0,4.8,0.18924642
Carlos Vinicius Alves Morais,Tottenham,4,564,28.0,6.9,0.18889228
Jonas Lössl,Everton,1,151,28.0,4.3,0.18453111
John Ruddy,Wolverhampton Wanderers,1,453,28.0,4.3,0.1830853
James Justin,Leicester,2,239,28.0,4.9,0.18234642
Axel Tuanzebe,Manchester United,2,307,28.0,4.2,0.18187699
Joe Bryan,Fulham,2,182,28.0,4.6,0.17632377
Jake Livermore,West Bromwich Albion,3,409,28.0,4.7,0.17348224
Ørjan Nyland,Aston Villa,1,35,28.0,4.0,0.16993226
Ryan Sessegnon,Tottenham,2,399,28.0,4.7,0.16866821
Jarrad Branthwaite,Everton,2,170,28.0,3.9,0.16559957
Christian Fuchs,Leicester,2,218,28.0,4.5,0.16458115
Demarai Gray,Leicester,3,230,28.0,5.1,0.16200662
Cenk Tosun,Everton,4,153,28.0,6.0,0.16155042
José Izquierdo,Brighton,3,72,28.0,5.5,0.15919976
Robin Olsen,Everton,1,573,28.0,4.5,0.15747102
Calum Chambers,Arsenal,2,13,28.0,4.5,0.15680364
Kieran Gibbs,West Bromwich Albion,2,407,28.0,4.3,0.15561551
Indiana Vassilev,Aston Villa,4,51,28.0,4.3,0.15308274
Lucas Torreira,Arsenal,3,19,28.0,4.7,0.15261817
Matteo Guendouzi,Arsenal,3,25,28.0,4.7,0.15261817
Nicolás Otamendi,Manchester City,2,269,28.0,4.9,0.15260534
Henri Lansbury,Aston Villa,3,30,28.0,4.3,0.15236296
Jordan Hugill,West Ham,4,444,28.0,5.5,0.15201056
Phil Bardsley,Burnley,2,82,28.0,4.4,0.15176797
Fikayo Tomori,Chelsea,2,121,28.0,4.7,0.15125495
Kamil Grosicki,West Bromwich Albion,3,410,28.0,5.2,0.15055928
Danny Ward,Leicester,1,223,28.0,4.3,0.14809093
Romaine Sawyers,West Bromwich Albion,3,413,28.0,4.6,0.14589283
William Saliba,Arsenal,2,27,28.0,4.0,0.14250785
Wayne Hennessey,Crystal Palace,1,126,28.0,4.3,0.14130771
Charlie Austin,West Bromwich Albion,4,415,28.0,5.1,0.14084408
Rúnar Alex Rúnarsson,Arsenal,1,547,28.0,4.4,0.14031342
Juan Foyth,Tottenham,2,406,28.0,4.3,0.1400016
Jack O'Connell,Sheffield United,2,354,28.0,4.7,0.13562255
Eric Garcia,Manchester City,2,288,28.0,4.7,0.13336198
Jean-Philippe Gbamin,Everton,3,161,28.0,5.0,0.12606697
Albian Ajeti,West Ham,4,447,28.0,5.5,0.122174665
Luke Freeman,Sheffield United,3,477,28.0,5.0,0.12202452
Joe Rodon,Tottenham,2,584,28.0,5.0,0.12113802
Javier Manquillo,Newcastle United,2,332,28.0,4.2,0.119105436
Wes Morgan,Leicester,2,216,28.0,4.4,0.11760353
Leif Davis,Leeds,2,214,28.0,3.9,0.11646031
Jack Robinson,Sheffield United,2,352,28.0,4.2,0.106955975
Emerson Palmieri dos Santos,Chelsea,2,111,28.0,4.7,0.10427733
Sean Longstaff,Newcastle United,3,480,28.0,4.7,0.09980028
Gedson Carvalho Fernandes,Tottenham,3,401,28.0,4.7,0.09819998
Adam Forshaw,Leeds,3,199,28.0,4.8,0.09763713
Mamadou Sakho,Crystal Palace,2,127,28.0,4.4,0.094330065
Ian Carlo Poveda-Ocampo,Leeds,3,209,28.0,4.2,0.09305076
Jack Butland,Crystal Palace,1,586,28.0,4.5,0.09161969
James Tomkins,Crystal Palace,2,129,28.0,4.4,0.09161969
Max Lowe,Sheffield United,2,511,28.0,4.3,0.08582999
Ibrahima Diallo,Southampton,3,565,28.0,4.5,0.082247645
Liam Delap,Manchester City,4,539,28.0,4.3,0.080594696
Fabian Delph,Everton,3,149,28.0,4.8,0.07743432
Max Meyer,Crystal Palace,3,143,28.0,4.7,0.07526577
Ben Gibson,Burnley,2,94,28.0,3.9,0.07218618
Will Norris,Burnley,1,583,28.0,4.0,0.07218618
Paul Dummett,Newcastle United,2,331,28.0,4.4,0.07212778
Simon Moore,Sheffield United,1,348,28.0,4.3,0.07205015
Matthew Longstaff,Newcastle United,3,487,28.0,4.8,0.06789843
Rolando Aarons,Newcastle United,3,337,28.0,4.8,0.06789843
Martín Montoya,Brighton,2,63,28.0,4.5,0.06787427
Rúben Gonçalo Silva Nascimento Vinagre,Wolverhampton Wanderers,2,471,28.0,4.1,0.0646248
Connor Wickham,Crystal Palace,4,136,28.0,4.4,0.06379763
Aaron Mooy,Brighton,3,60,28.0,5.0,0.06287971
Harry Wilson,Liverpool,3,257,28.0,5.1,0.06197375
Zack Steffen,Manchester City,1,538,28.0,4.4,0.05771763
James Garner,Manchester United,3,317,28.0,4.4,0.05730234
Tahith Chong,Manchester United,3,316,28.0,4.4,0.05730234
Billy Gilmour,Chelsea,3,124,28.0,4.4,0.05493775
Vitor Ferreira,Wolverhampton Wanderers,3,515,28.0,4.7,0.05468255
Davy Pröpper,Brighton,3,59,28.0,4.8,0.054672327
Shane Duffy,Brighton,2,58,28.0,4.3,0.051384058
Léo Bonatini,Wolverhampton Wanderers,4,463,28.0,4.8,0.05137473
Ryan Bennett,Wolverhampton Wanderers,2,456,28.0,4.4,0.050251167
Harvey Barnes,Leicester,3,235,28.0,6.9,0.049298596
Bernardo Fernandes da Silva Junior,Brighton,2,75,28.0,3.9,0.047856208
David Martin,West Ham,1,429,28.0,4.0,0.04533411
Anthony Gordon,Everton,3,168,28.0,4.3,0.044383
Oskar Buur,Wolverhampton Wanderers,2,467,28.0,3.9,0.0427594
Morgan Gibbs-White,Wolverhampton Wanderers,3,473,28.0,4.9,0.042674247
DeAndre Yedlin,Newcastle United,2,335,28.0,4.3,0.04204704
Kelland Watts,Newcastle United,2,342,28.0,3.9,0.042007856
Rekeem Harper,West Bromwich Albion,3,426,28.0,4.3,0.039305508
Fabricio Agosto Ramírez,Fulham,1,171,28.0,3.9,0.039120182
Jack Wilshere,West Ham,3,434,28.0,4.9,0.03805859
Neco Williams,Liverpool,2,264,28.0,3.8,0.037389528
Oliver Skipp,Tottenham,3,404,28.0,4.4,0.031917125
Glenn Murray,Brighton,4,53,28.0,4.8,0.020184072
Yoshinori Muto,Newcastle United,4,341,28.0,4.8,0.018864693
Brandon Pierrick,Crystal Palace,3,147,28.0,4.3,0.018162083
Tom Cairney,Fulham,3,175,28.0,5.2,0.018095689
Meritan Shabani,Wolverhampton Wanderers,3,553,28.0,4.4,0.008452257
Adrien Silva,Leicester,3,220,28.0,4.4,0.0072913137
Claudio Bravo,Manchester City,1,267,28.0,4.5,0.0036112284
Filip Krovinovic,West Bromwich Albion,3,555,28.0,4.9,0.0026216456
Sam Field,West Bromwich Albion,3,423,28.0,4.8,0.0026216456
Florian Lejeune,Newcastle United,2,327,28.0,4.3,-0.0049306373
Mark Gillespie,Newcastle United,1,488,28.0,4.3,-0.0049306373
Islam Slimani,Leicester,4,579,28.0,4.9,-0.006404414
Tommy Doyle,Manchester City,3,285,28.0,4.4,-0.009281439
Roberto Jimenez Gago,West Ham,1,433,28.0,4.5,-0.0146261705
Kyle Edwards,West Bromwich Albion,3,421,28.0,4.7,-0.016621746
David Button,West Bromwich Albion,1,56,28.0,4.0,-0.01993877
Terence Kongolo,Fulham,2,585,28.0,4.3,-0.02903671
Matty James,Leicester,3,222,28.0,4.3,-0.0390348
Kenneth Zohore,West Bromwich Albion,4,416,28.0,4.8,-0.043636274
Ahmed El-Sayed Hegazy,West Bromwich Albion,2,414,28.0,4.1,-0.045051053
Jonathan Leko,West Bromwich Albion,3,420,28.0,4.5,-0.045288365
Josh Onomah,Fulham,3,188,28.0,4.6,-0.07598134
James Maddison,Leicester,3,231,28.0,7.3,-0.08071172
Michael Hector,Fulham,2,178,28.0,4.1,-0.081238404
Aboubakar Kamara,Fulham,3,190,28.0,4.8,-0.11227828
Harvey Elliott,Liverpool,3,265,28.0,4.3,-0.12502015
Anthony Knockaert,Fulham,3,177,28.0,5.0,-0.1463322
Marek Rodák,Fulham,1,186,28.0,4.3,-0.14673588
Jean Michaël Seri,Fulham,3,189,28.0,4.6,-0.18571988
Kevin McDonald,Fulham,3,172,28.0,4.7,-0.18571988
Neeskens Kebano,Fulham,3,180,28.0,4.7,-0.18571988
Stefan Johansen,Fulham,3,174,28.0,4.7,-0.18571988
Maxime Le Marchand,Fulham,2,173,28.0,4.1,-0.19097695
Florin Andone,Brighton,4,64,28.0,4.8,-0.19349714
Alfie Mawson,Fulham,2,185,28.0,4.3,-0.19371358
Cyrus Christie,Fulham,2,179,28.0,4.2,-0.19371358
Denis Odoi,Fulham,2,525,28.0,4.2,-0.19371358
Marcus Bettinelli,Fulham,1,183,28.0,4.3,-0.19371358
Tim Ream,Fulham,2,176,28.0,4.2,-0.19371358
Zeze Steven Sessegnon,Fulham,2,192,28.0,4.3,-0.19371358
Harry Kane,Tottenham,4,388,29.0,11.1,5.3346176
Heung-Min Son,Tottenham,3,390,29.0,9.5,4.5037055
Ollie Watkins,Aston Villa,4,514,29.0,6.6,4.3234267
Nicolas Pépé,Arsenal,3,18,29.0,7.6,4.2968535
Emiliano Martínez,Aston Villa,1,12,29.0,5.3,4.2658854
Jesse Lingard,West Ham,3,301,29.0,6.0,4.101539
Alexandre Lacazette,Arsenal,4,6,29.0,8.1,4.09604
Bernd Leno,Arsenal,1,8,29.0,5.0,3.9072564
Aaron Cresswell,West Ham,2,435,29.0,5.8,3.8588016
Michail Antonio,West Ham,4,437,29.0,6.5,3.7639923
Tyrone Mings,Aston Villa,2,41,29.0,5.4,3.7406275
Matt Targett,Aston Villa,2,42,29.0,5.0,3.6990707
Anwar El Ghazi,Aston Villa,3,45,29.0,5.3,3.6961462
Bertrand Traoré,Aston Villa,3,540,29.0,5.9,3.6899042
Ezri Konsa Ngoyo,Aston Villa,2,46,29.0,4.6,3.5851636
Willian Borges Da Silva,Arsenal,3,478,29.0,7.5,3.559023
Kieran Tierney,Arsenal,2,17,29.0,5.2,3.5253654
Tomas Soucek,West Ham,3,449,29.0,5.3,3.47949
Pierre-Emerick Aubameyang,Arsenal,3,4,29.0,11.3,3.443232
Lewis Dunk,Brighton,2,62,29.0,4.9,3.4040813
Raphael Dias Belloli,Leeds,3,570,29.0,5.4,3.3806925
Vladimir Coufal,West Ham,2,558,29.0,4.6,3.322223
Alphonse Areola,Fulham,1,516,29.0,4.5,3.2609758
Neal Maupay,Brighton,4,68,29.0,6.1,3.2521899
David Luiz Moreira Marinho,Arsenal,2,3,29.0,5.4,3.2196736
Patrick Bamford,Leeds,4,202,29.0,6.8,3.192362
Stuart Dallas,Leeds,2,200,29.0,5.0,3.1734993
Joël Veltman,Brighton,2,67,29.0,4.3,3.1056345
Declan Rice,West Ham,3,448,29.0,4.7,3.0957034
Illan Meslier,Leeds,1,213,29.0,4.6,3.0850565
Joelinton Cássio Apolinário de Lira,Newcastle United,4,340,29.0,5.7,3.0731595
Hugo Lloris,Tottenham,1,383,29.0,5.6,3.0406709
Granit Xhaka,Arsenal,3,9,29.0,5.2,2.992729
Leandro Trossard,Brighton,3,69,29.0,5.7,2.9874716
John McGinn,Aston Villa,3,38,29.0,5.5,2.9525208
Gareth Bale,Tottenham,3,543,29.0,9.3,2.890576
Ademola Lookman,Fulham,3,557,29.0,5.0,2.8397574
Jonjo Shelvey,Newcastle United,3,321,29.0,5.3,2.812241
Ahmed El Mohamady,Aston Villa,2,29,29.0,4.3,2.8049638
Martin Dubravka,Newcastle United,1,326,29.0,4.8,2.7975125
Bamidele Alli,Tottenham,3,394,29.0,7.4,2.7712905
Pascal Groß,Brighton,3,57,29.0,5.8,2.7339013
Cédric Soares,Arsenal,2,5,29.0,4.6,2.7167532
Isaac Hayden,Newcastle United,3,336,29.0,4.6,2.6310415
Joseph Willock,Newcastle United,3,20,29.0,4.7,2.6274662
Miguel Almirón,Newcastle United,3,339,29.0,5.6,2.6190026
Ryan Fraser,Newcastle United,3,507,29.0,5.6,2.5978544
Yves Bissouma,Brighton,3,76,29.0,4.4,2.586099
Pablo Fornals,West Ham,3,450,29.0,5.9,2.5839984
Jamal Lewis,Newcastle United,2,513,29.0,4.2,2.561469
Jamaal Lascelles,Newcastle United,2,328,29.0,4.2,2.5610578
Joachim Andersen,Fulham,2,571,29.0,4.5,2.545001
Dan Burn,Brighton,2,61,29.0,4.2,2.5143993
Matt Doherty,Tottenham,2,457,29.0,5.6,2.4790466
Allan Saint-Maximin,Newcastle United,3,338,29.0,5.1,2.4696894
Pablo Marí,Arsenal,2,10,29.0,4.4,2.4430592
Craig Dawson,West Ham,2,576,29.0,4.5,2.4249985
Issa Diop,West Ham,2,451,29.0,4.3,2.4249985
Ben White,Brighton,2,74,29.0,4.4,2.4192472
Mateusz Klich,Leeds,3,198,29.0,5.2,2.3793063
Ross Barkley,Aston Villa,3,106,29.0,5.9,2.3340905
Tosin Adarabioyo,Fulham,2,572,29.0,4.5,2.3045428
Ola Aina,Fulham,2,562,29.0,4.5,2.2826924
Lucas Rodrigues Moura da Silva,Tottenham,3,392,29.0,6.6,2.2247307
Ben Johnson,West Ham,2,452,29.0,3.9,2.2037394
Toby Alderweireld,Tottenham,2,386,29.0,5.4,2.201717
Aaron Connolly,Brighton,4,78,29.0,5.2,2.1887975
Harrison Reed,Fulham,3,373,29.0,4.4,2.1857677
Marvelous Nakamba,Aston Villa,3,44,29.0,4.3,2.0932117
Jacob Ramsey,Aston Villa,3,554,29.0,4.5,2.0880506
Ciaran Clark,Newcastle United,2,324,29.0,4.5,2.0859215
Luke Ayling,Leeds,2,197,29.0,4.4,2.0755825
Darren Randolph,West Ham,1,430,29.0,4.3,2.0439198
Davinson Sánchez,Tottenham,2,398,29.0,5.2,2.0145917
Liam Cooper,Leeds,2,195,29.0,4.3,2.0129414
Mario Lemina,Fulham,3,493,29.0,4.5,2.0127532
Jack Harrison,Leeds,3,203,29.0,5.4,2.002849
Tanguy Ndombele,Tottenham,3,405,29.0,5.9,1.9498976
Ivan Ricardo Neves Abreu Cavaleiro,Fulham,3,187,29.0,5.3,1.9489408
Bukayo Saka,Arsenal,3,24,29.0,5.2,1.9105818
Tyler Roberts,Leeds,3,206,29.0,4.6,1.9102886
Antonee Robinson,Fulham,2,484,29.0,4.4,1.9094741
Pierre-Emile Højbjerg,Tottenham,3,396,29.0,4.9,1.9057431
Jacob Murphy,Newcastle United,3,497,29.0,4.9,1.8624649
Emil Krafth,Newcastle United,2,333,29.0,4.2,1.8316191
Diego Llorente,Leeds,2,549,29.0,4.4,1.8285881
Ruben Loftus-Cheek,Fulham,3,115,29.0,5.9,1.7961167
Ben Davies,Tottenham,2,395,29.0,4.6,1.7572716
Thomas Partey,Arsenal,3,567,29.0,4.9,1.6945561
Jarrod Bowen,West Ham,3,445,29.0,6.0,1.6836982
Adam Lallana,Brighton,3,54,29.0,6.2,1.5823576
Danny Welbeck,Brighton,4,588,29.0,5.5,1.5449142
Aleksandar Mitrović,Fulham,4,184,29.0,5.5,1.5135744
Pascal Struijk,Leeds,2,211,29.0,4.0,1.5013036
Mohamed Naser El Sayed Elneny,Arsenal,3,526,29.0,4.2,1.4963788
Matt Ritchie,Newcastle United,3,322,29.0,4.9,1.4758974
Alexis Mac Allister,Brighton,3,80,29.0,5.3,1.4684851
Hélder Wander Sousa de Azevedo e Costa,Leeds,3,205,29.0,5.0,1.449809
Erik Lamela,Tottenham,3,387,29.0,5.7,1.2187244
André-Frank Zambo Anguissa,Fulham,3,191,29.0,4.5,1.2060149
Saïd Benrahma,West Ham,3,587,29.0,6.0,1.2047408
Serge Aurier,Tottenham,2,389,29.0,5.2,1.1761214
Emile Smith Rowe,Arsenal,3,23,29.0,4.3,1.138722
Sergio Reguilón,Tottenham,2,542,29.0,5.5,1.1351249
Keinan Davis,Aston Villa,4,50,29.0,4.3,1.1033868
Moussa Sissoko,Tottenham,3,385,29.0,4.7,1.0318617
Karl Darlow,Newcastle United,1,325,29.0,5.0,0.91953254
Ezgjan Alioski,Leeds,2,201,29.0,4.4,0.89106244
Héctor Bellerín,Arsenal,2,11,29.0,5.1,0.8879672
Pablo Hernández Domínguez,Leeds,3,193,29.0,5.7,0.85394806
Mahmoud Ahmed Ibrahim Hassan,Aston Villa,3,40,29.0,5.2,0.82707936
Callum Wilson,Newcastle United,4,506,29.0,6.5,0.7913851
Matthew Cash,Aston Villa,2,496,29.0,5.0,0.77321905
Douglas Luiz Soares de Paulo,Aston Villa,3,52,29.0,4.9,0.75125617
Jack Grealish,Aston Villa,3,37,29.0,7.6,0.7440049
Lukasz Fabianski,West Ham,1,431,29.0,5.0,0.6994796
Federico Fernández,Newcastle United,2,323,29.0,4.7,0.68372476
Bobby Decordova-Reid,Fulham,4,181,29.0,5.3,0.67719805
Manuel Lanzini,West Ham,3,439,29.0,6.4,0.6372329
Andy Carroll,Newcastle United,4,320,29.0,5.1,0.6331728
Jeff Hendrick,Newcastle United,3,485,29.0,4.5,0.60309315
Steven Alzate,Brighton,3,79,29.0,4.2,0.60108083
Christian Atsu,Newcastle United,3,330,29.0,5.2,0.5177786
Angelo Ogbonna,West Ham,2,432,29.0,4.8,0.5133315
Daniel Ceballos Fernández,Arsenal,3,501,29.0,4.7,0.5132859
Adam Webster,Brighton,2,66,29.0,4.3,0.5057819
Solomon March,Brighton,3,65,29.0,5.0,0.5044816
Tariq Lamptey,Brighton,2,77,29.0,4.6,0.4961331
Fabian Schär,Newcastle United,2,334,29.0,4.9,0.49153554
Sean Longstaff,Newcastle United,3,480,29.0,4.7,0.47706693
Joe Bryan,Fulham,2,182,29.0,4.6,0.47304812
Rodrigo Moreno,Leeds,4,492,29.0,5.7,0.46335426
Gabriel Magalhães,Arsenal,2,494,29.0,4.9,0.4607827
Sébastien Haller,West Ham,4,441,29.0,6.1,0.45828253
Alireza Jahanbakhsh,Brighton,3,71,29.0,5.4,0.4484375
Kenny Tete,Fulham,2,517,29.0,4.3,0.43771175
Dwight Gayle,Newcastle United,4,329,29.0,5.9,0.4334774
DeAndre Yedlin,Newcastle United,2,335,29.0,4.3,0.41931355
Javier Manquillo,Newcastle United,2,332,29.0,4.2,0.41931355
Conor Hourihane,Aston Villa,3,33,29.0,5.9,0.40387207
Jed Steer,Aston Villa,1,32,29.0,3.9,0.3892702
Matthew Longstaff,Newcastle United,3,487,29.0,4.8,0.38740444
Rolando Aarons,Newcastle United,3,337,29.0,4.8,0.38740444
Ryan Fredericks,West Ham,2,438,29.0,4.2,0.38636816
Kelland Watts,Newcastle United,2,342,29.0,3.9,0.3839336
Kalvin Phillips,Leeds,3,204,29.0,4.9,0.37837186
Yoshinori Muto,Newcastle United,4,341,29.0,4.8,0.37598687
Mark Gillespie,Newcastle United,1,488,29.0,4.3,0.37233585
Rob Holding,Arsenal,2,16,29.0,4.4,0.36839008
Eric Dier,Tottenham,2,391,29.0,4.9,0.36268616
Arthur Masuaku,West Ham,2,442,29.0,4.3,0.35113257
Florian Lejeune,Newcastle United,2,327,29.0,4.3,0.33471972
Paul Dummett,Newcastle United,2,331,29.0,4.4,0.33471972
Fabián Balbuena,West Ham,2,443,29.0,4.2,0.33464235
José Ignacio Peleteiro Romallo,Aston Villa,3,34,29.0,5.9,0.3322019
Mesut Özil,Arsenal,3,1,29.0,6.7,0.32054448
Kortney Hause,Aston Villa,2,39,29.0,4.4,0.3201447
Mbwana Samatta,Aston Villa,4,49,29.0,5.9,0.30243415
Wesley Moraes,Aston Villa,4,48,29.0,6.0,0.30243415
Andriy Yarmolenko,West Ham,3,436,29.0,5.5,0.29504794
Felipe Anderson Pereira Gomes,West Ham,3,440,29.0,6.1,0.29504794
Steven Bergwijn,Tottenham,3,400,29.0,7.0,0.2949754
Fabricio Agosto Ramírez,Fulham,1,171,29.0,3.9,0.28437606
José Izquierdo,Brighton,3,72,29.0,5.5,0.28046322
Neil Taylor,Aston Villa,2,31,29.0,4.2,0.26338804
Robin Koch,Leeds,2,491,29.0,4.3,0.26034102
Davy Pröpper,Brighton,3,59,29.0,4.8,0.25982773
Edward Nketiah,Arsenal,4,22,29.0,5.4,0.2567229
Tom Cairney,Fulham,3,175,29.0,5.2,0.24369411
Bjorn Engels,Aston Villa,2,36,29.0,4.4,0.2329005
Frédéric Guilbert,Aston Villa,2,47,29.0,4.3,0.21641028
Tom Heaton,Aston Villa,1,28,29.0,4.5,0.21641028
Reiss Nelson,Arsenal,3,21,29.0,5.1,0.21027979
Mark Noble,West Ham,3,427,29.0,4.5,0.2041656
Jordan Hugill,West Ham,4,444,29.0,5.5,0.19468363
Giovani Lo Celso,Tottenham,3,403,29.0,6.9,0.19033244
Aaron Mooy,Brighton,3,60,29.0,5.0,0.1841431
Martín Montoya,Brighton,2,63,29.0,4.5,0.16899335
Albian Ajeti,West Ham,4,447,29.0,5.5,0.16484772
Ørjan Nyland,Aston Villa,1,35,29.0,4.0,0.15912312
Terence Kongolo,Fulham,2,585,29.0,4.3,0.1589456
Mathew Ryan,Arsenal,1,70,29.0,4.2,0.15486887
Shane Duffy,Brighton,2,58,29.0,4.3,0.15250313
Bernardo Fernandes da Silva Junior,Brighton,2,75,29.0,3.9,0.14897528
Indiana Vassilev,Aston Villa,4,51,29.0,4.3,0.14227363
Henri Lansbury,Aston Villa,3,30,29.0,4.3,0.14155385
Glenn Murray,Brighton,4,53,29.0,4.8,0.14144745
Sead Kolasinac,Arsenal,2,14,29.0,4.8,0.122867286
Sokratis Papastathopoulos,Arsenal,2,2,29.0,4.8,0.122867286
Jamie Shackleton,Leeds,3,210,29.0,4.8,0.117527984
Gabriel Teodoro Martinelli Silva,Arsenal,3,26,29.0,4.9,0.11752198
Josh Onomah,Fulham,3,188,29.0,4.6,0.112000935
Michael Hector,Fulham,2,178,29.0,4.1,0.109019384
Shkodran Mustafi,Arsenal,2,7,29.0,5.0,0.0852511
Jack Wilshere,West Ham,3,434,29.0,4.9,0.08073172
Marek Rodák,Fulham,1,186,29.0,4.3,0.078862615
Ian Carlo Poveda-Ocampo,Leeds,3,209,29.0,4.2,0.07715349
Aboubakar Kamara,Fulham,3,190,29.0,4.8,0.075704
David Martin,West Ham,1,429,29.0,4.0,0.0678629
Leif Davis,Leeds,2,214,29.0,3.9,0.06522233
Roberto Jimenez Gago,West Ham,1,433,29.0,4.5,0.057697944
Anthony Knockaert,Fulham,3,177,29.0,5.0,0.041650087
Calum Chambers,Arsenal,2,13,29.0,4.5,0.037341088
Lucas Torreira,Arsenal,3,19,29.0,4.7,0.033155642
Matteo Guendouzi,Arsenal,3,25,29.0,4.7,0.033155642
Denis Odoi,Fulham,2,525,29.0,4.2,0.031884916
Tim Ream,Fulham,2,176,29.0,4.2,0.031884916
Adam Forshaw,Leeds,3,199,29.0,4.8,0.023979366
William Saliba,Arsenal,2,27,29.0,4.0,0.023045333
Rúnar Alex Rúnarsson,Arsenal,1,547,29.0,4.4,0.020850869
Harry Winks,Tottenham,3,397,29.0,5.1,0.012253027
Florin Andone,Brighton,4,64,29.0,4.8,0.011658298
Jean Michaël Seri,Fulham,3,189,29.0,4.6,0.0022623916
Kevin McDonald,Fulham,3,172,29.0,4.7,0.0022623916
Neeskens Kebano,Fulham,3,180,29.0,4.7,0.0022623916
Stefan Johansen,Fulham,3,174,29.0,4.7,0.0022623916
Maxime Le Marchand,Fulham,2,173,29.0,4.1,-0.00071918545
Alfie Mawson,Fulham,2,185,29.0,4.3,-0.005731269
Cyrus Christie,Fulham,2,179,29.0,4.2,-0.005731269
Marcus Bettinelli,Fulham,1,183,29.0,4.3,-0.005731269
Zeze Steven Sessegnon,Fulham,2,192,29.0,4.3,-0.005731269
Japhet Tanganga,Tottenham,2,402,29.0,4.9,-0.03687983
Carlos Vinicius Alves Morais,Tottenham,4,564,29.0,6.9,-0.09299816
Joe Hart,Tottenham,1,482,29.0,4.3,-0.11487055
Paulo Gazzaniga,Tottenham,1,393,29.0,4.3,-0.11487055
Danny Rose,Tottenham,2,384,29.0,4.7,-0.13318166
Ryan Sessegnon,Tottenham,2,399,29.0,4.7,-0.1630176
Joe Rodon,Tottenham,2,584,29.0,5.0,-0.17293158
Gedson Carvalho Fernandes,Tottenham,3,401,29.0,4.7,-0.18369055
Juan Foyth,Tottenham,2,406,29.0,4.3,-0.19168425
Oliver Skipp,Tottenham,3,404,29.0,4.4,-0.2123572
Kevin De Bruyne,Manchester City,3,272,30.0,11.8,6.934538
Bruno Miguel Borges Fernandes,Manchester United,3,302,30.0,11.6,6.590581
Harry Kane,Tottenham,4,388,30.0,11.1,6.279381
Pedro Lomba Neto,Wolverhampton Wanderers,3,474,30.0,5.7,6.1168756
Raheem Sterling,Manchester City,3,276,30.0,11.6,5.545646
Danny Ings,Southampton,4,366,30.0,8.4,5.51621
Mason Mount,Chelsea,3,120,30.0,6.8,5.4240193
Rúben Santos Gato Alves Dias,Manchester City,2,556,30.0,6.1,5.074007
Timo Werner,Chelsea,4,117,30.0,9.2,5.0121503
Patrick Bamford,Leeds,4,202,30.0,6.8,4.9609466
Nicolas Pépé,Arsenal,3,18,30.0,7.6,4.742291
Heung-Min Son,Tottenham,3,390,30.0,9.5,4.7325673
Riyad Mahrez,Manchester City,3,275,30.0,8.1,4.7163796
Dominic Calvert-Lewin,Everton,4,164,30.0,7.8,4.6483297
Marcus Rashford,Manchester United,3,306,30.0,9.6,4.62405
Jamie Vardy,Leicester,4,224,30.0,10.2,4.541688
Gabriel Fernando de Jesus,Manchester City,4,282,30.0,9.2,4.519714
Richarlison de Andrade,Everton,4,166,30.0,7.9,4.4948773
Alexandre Lacazette,Arsenal,4,6,30.0,8.1,4.477062
Sadio Mané,Liverpool,3,251,30.0,11.8,4.4497905
Trent Alexander-Arnold,Liverpool,2,259,30.0,7.4,4.309511
Emiliano Martínez,Aston Villa,1,12,30.0,5.3,4.2869167
Mohamed Salah,Liverpool,3,254,30.0,12.6,4.273082
Edouard Mendy,Chelsea,1,548,30.0,5.1,4.260609
César Azpilicueta,Chelsea,2,102,30.0,5.7,4.25036
João Pedro Cavaco Cancelo,Manchester City,2,277,30.0,6.2,4.181094
Ollie Watkins,Aston Villa,4,514,30.0,6.6,4.180002
James Ward-Prowse,Southampton,3,370,30.0,5.9,4.1791296
Adama Traoré,Wolverhampton Wanderers,3,465,30.0,6.0,4.11867
Jesse Lingard,West Ham,3,301,30.0,6.0,4.1051726
Rui Pedro dos Santos Patrício,Wolverhampton Wanderers,1,455,30.0,5.3,4.1020193
Andrew Robertson,Liverpool,2,255,30.0,7.2,4.0379477
Willian Borges Da Silva,Arsenal,3,478,30.0,7.5,4.0378957
Benjamin Chilwell,Chelsea,2,232,30.0,5.8,4.0377626
Rúben Diogo da Silva Neves,Wolverhampton Wanderers,3,466,30.0,5.1,3.9953432
Roberto Firmino,Liverpool,4,249,30.0,9.2,3.9885411
Bernd Leno,Arsenal,1,8,30.0,5.0,3.9747841
Raphael Dias Belloli,Leeds,3,570,30.0,5.4,3.8604486
Conor Coady,Wolverhampton Wanderers,2,459,30.0,4.8,3.82543
Lucas Digne,Everton,2,155,30.0,6.2,3.8228815
Kieran Tierney,Arsenal,2,17,30.0,5.2,3.8128397
Illan Meslier,Leeds,1,213,30.0,4.6,3.7840874
Antonio Rüdiger,Chelsea,2,109,30.0,4.6,3.7482774
Che Adams,Southampton,4,377,30.0,5.8,3.7400703
Ederson Santana de Moraes,Manchester City,1,278,30.0,6.1,3.718117
Reece James,Chelsea,2,123,30.0,5.0,3.677903
Jannik Vestergaard,Southampton,2,369,30.0,4.7,3.665503
Aaron Cresswell,West Ham,2,435,30.0,5.8,3.6486468
Matt Targett,Aston Villa,2,42,30.0,5.0,3.648121
Stuart Dallas,Leeds,2,200,30.0,5.0,3.6227584
Ilkay Gündogan,Manchester City,3,271,30.0,6.2,3.6157272
Jan Bednarek,Southampton,2,376,30.0,4.9,3.5988734
Tyrone Mings,Aston Villa,2,41,30.0,5.4,3.5940888
Jordan Pickford,Everton,1,157,30.0,4.8,3.584298
Michail Antonio,West Ham,4,437,30.0,6.5,3.5493839
Romain Saïss,Wolverhampton Wanderers,2,461,30.0,4.9,3.5378065
Bertrand Traoré,Aston Villa,3,540,30.0,5.9,3.52913
Pierre-Emerick Aubameyang,Arsenal,3,4,30.0,11.3,3.4854236
Nélson Cabral Semedo,Wolverhampton Wanderers,2,546,30.0,5.2,3.4836707
Anwar El Ghazi,Aston Villa,3,45,30.0,5.3,3.4571319
Youri Tielemans,Leicester,3,228,30.0,6.4,3.4462907
Luke Shaw,Manchester United,2,300,30.0,5.1,3.4442186
Ezri Konsa Ngoyo,Aston Villa,2,46,30.0,4.6,3.4386249
Andreas Christensen,Chelsea,2,116,30.0,4.7,3.4253705
Alisson Ramses Becker,Liverpool,1,252,30.0,5.9,3.418745
Ryan Bertrand,Southampton,2,362,30.0,5.0,3.4142804
Michael Keane,Everton,2,156,30.0,5.1,3.3980742
David Luiz Moreira Marinho,Arsenal,2,3,30.0,5.4,3.3825815
Fraser Forster,Southampton,1,523,30.0,4.0,3.3603494
Tomas Soucek,West Ham,3,449,30.0,5.3,3.3436556
Gareth Bale,Tottenham,3,543,30.0,9.3,3.2836785
Nick Pope,Burnley,1,96,30.0,5.6,3.2774756
João Filipe Iria Santos Moutinho,Wolverhampton Wanderers,3,454,30.0,5.2,3.2713673
Stuart Armstrong,Southampton,3,368,30.0,5.5,3.263376
Hugo Lloris,Tottenham,1,383,30.0,5.6,3.253855
Gylfi Sigurdsson,Everton,3,150,30.0,6.8,3.2459912
Leander Dendoncker,Wolverhampton Wanderers,3,464,30.0,4.6,3.2343762
Mason Greenwood,Manchester United,3,315,30.0,7.0,3.2268643
Kyle Walker,Manchester City,2,270,30.0,6.1,3.2155867
Joelinton Cássio Apolinário de Lira,Newcastle United,4,340,30.0,5.7,3.2123191
Vladimir Coufal,West Ham,2,558,30.0,4.6,3.2099705
Jorge Luiz Frello Filho,Chelsea,3,105,30.0,4.7,3.2081041
Nathan Redmond,Southampton,3,365,30.0,6.4,3.1544771
Chris Wood,Burnley,4,91,30.0,6.2,3.1448238
Bamidele Alli,Tottenham,3,394,30.0,7.4,3.12407
Aaron Ramsdale,Sheffield United,1,483,30.0,4.6,3.1226103
N'Golo Kanté,Chelsea,3,113,30.0,4.9,3.1124609
Jonjo Shelvey,Newcastle United,3,321,30.0,5.3,3.0969791
Aaron Wan-Bissaka,Manchester United,2,313,30.0,5.6,3.0853353
Matej Vydra,Burnley,4,93,30.0,4.8,3.0225794
Bernardo Mota Veiga de Carvalho e Silva,Manchester City,3,281,30.0,7.4,3.0120862
Lewis Dunk,Brighton,2,62,30.0,4.9,2.999377
David McGoldrick,Sheffield United,4,344,30.0,5.2,2.994426
Neal Maupay,Brighton,4,68,30.0,6.1,2.9722803
Granit Xhaka,Arsenal,3,9,30.0,5.2,2.9484038
Pablo Fornals,West Ham,3,450,30.0,5.9,2.941537
Cédric Soares,Arsenal,2,5,30.0,4.6,2.9188156
Dean Henderson,Manchester United,1,305,30.0,5.2,2.895541
Declan Rice,West Ham,3,448,30.0,4.7,2.8643236
Timothy Castagne,Leicester,2,498,30.0,5.7,2.8560808
John McGinn,Aston Villa,3,38,30.0,5.5,2.8557777
John Stones,Manchester City,2,273,30.0,5.2,2.8508863
Sam Johnstone,West Bromwich Albion,1,417,30.0,4.5,2.844169
Kasper Schmeichel,Leicester,1,217,30.0,5.5,2.8308933
Mario Lemina,Fulham,3,493,30.0,4.5,2.829447
Jamal Lewis,Newcastle United,2,513,30.0,4.2,2.8287852
Hakim Ziyech,Chelsea,3,114,30.0,7.9,2.8176079
Martin Dubravka,Newcastle United,1,326,30.0,4.8,2.8027115
Matt Doherty,Tottenham,2,457,30.0,5.6,2.795716
Vicente Guaita,Crystal Palace,1,128,30.0,4.8,2.7764635
Mateusz Klich,Leeds,3,198,30.0,5.2,2.7396681
Harry Maguire,Manchester United,2,298,30.0,5.5,2.7306993
Alphonse Areola,Fulham,1,516,30.0,4.5,2.7245312
Leandro Trossard,Brighton,3,69,30.0,5.7,2.7069898
Pablo Marí,Arsenal,2,10,30.0,4.4,2.6989238
Allan Saint-Maximin,Newcastle United,3,338,30.0,5.1,2.6972845
Ben Godfrey,Everton,2,566,30.0,5.0,2.6926053
Ben Mee,Burnley,2,88,30.0,5.1,2.6858082
Isaac Hayden,Newcastle United,3,336,30.0,4.6,2.67694
Edinson Cavani,Manchester United,4,569,30.0,7.9,2.6696553
Ricardo Domingos Barbosa Pereira,Leicester,2,226,30.0,5.9,2.640243
Liam Cooper,Leeds,2,195,30.0,4.3,2.6387844
Luke Ayling,Leeds,2,197,30.0,4.4,2.6175344
Moussa Djenepo,Southampton,3,382,30.0,5.4,2.6164186
Andros Townsend,Crystal Palace,3,137,30.0,5.5,2.597444
Miguel Almirón,Newcastle United,3,339,30.0,5.6,2.5716836
Çaglar Söyüncü,Leicester,2,238,30.0,5.3,2.5704577
Mason Holgate,Everton,2,165,30.0,4.8,2.5629408
Lucas Rodrigues Moura da Silva,Tottenham,3,392,30.0,6.6,2.537442
Ahmed El Mohamady,Aston Villa,2,29,30.0,4.3,2.5333982
Joël Veltman,Brighton,2,67,30.0,4.3,2.5332549
Ruben Loftus-Cheek,Fulham,3,115,30.0,5.9,2.5224714
Bukayo Saka,Arsenal,3,24,30.0,5.2,2.5135958
James Tarkowski,Burnley,2,81,30.0,5.3,2.5090024
Dwight McNeil,Burnley,3,100,30.0,5.7,2.5047705
Conor Gallagher,West Bromwich Albion,3,544,30.0,5.5,2.4844954
Matheus Pereira,West Bromwich Albion,3,481,30.0,5.4,2.4842765
Frederico Rodrigues de Paula Santos,Manchester United,3,299,30.0,5.3,2.4730408
Diogo Jota,Liverpool,3,468,30.0,6.6,2.4691827
Charlie Taylor,Burnley,2,97,30.0,4.4,2.467273
Luka Milivojevic,Crystal Palace,3,138,30.0,5.6,2.451344
Bernard Anício Caldeira Duarte,Everton,3,154,30.0,5.7,2.4508495
Toby Alderweireld,Tottenham,2,386,30.0,5.4,2.4484754
Ki-Jana Hoever,Wolverhampton Wanderers,2,545,30.0,4.4,2.4436538
Pascal Groß,Brighton,3,57,30.0,5.8,2.4419103
Aymeric Laporte,Manchester City,2,280,30.0,6.0,2.4398599
Joseph Willock,Newcastle United,3,20,30.0,4.7,2.4200869
Yves Bissouma,Brighton,3,76,30.0,4.4,2.4082413
Jamaal Lascelles,Newcastle United,2,328,30.0,4.2,2.4028642
George Baldock,Sheffield United,2,351,30.0,4.9,2.4009466
Kelechi Iheanacho,Leicester,4,233,30.0,5.6,2.3912532
Georginio Wijnaldum,Liverpool,3,243,30.0,5.3,2.3902688
Eberechi Eze,Crystal Palace,3,489,30.0,5.8,2.362802
André Filipe Tavares Gomes,Everton,3,158,30.0,5.3,2.3521345
Diego Llorente,Leeds,2,549,30.0,4.4,2.3482175
Tanguy Ndombele,Tottenham,3,405,30.0,5.9,2.342837
Davinson Sánchez,Tottenham,2,398,30.0,5.2,2.3312612
Abdoulaye Doucouré,Everton,3,512,30.0,5.2,2.3284686
Fabio Henrique Tavares,Liverpool,3,253,30.0,5.4,2.327024
Ashley Westwood,Burnley,3,89,30.0,5.3,2.3130095
Matthew Lowton,Burnley,2,92,30.0,4.5,2.2813175
Ben White,Brighton,2,74,30.0,4.4,2.275486
Tyler Roberts,Leeds,3,206,30.0,4.6,2.2570438
Ryan Fraser,Newcastle United,3,507,30.0,5.6,2.2542295
Thomas Partey,Arsenal,3,567,30.0,4.9,2.2475054
John Fleck,Sheffield United,3,346,30.0,5.6,2.2407074
Dan Burn,Brighton,2,61,30.0,4.2,2.232944
Rodrigo Hernandez,Manchester City,3,286,30.0,5.3,2.222232
Christian Benteke,Crystal Palace,4,132,30.0,5.5,2.2183359
Ethan Ampadu,Sheffield United,2,509,30.0,4.3,2.1987042
Jordan Ayew,Crystal Palace,4,140,30.0,5.6,2.1803682
Ainsley Maitland-Niles,West Bromwich Albion,2,15,30.0,4.6,2.1760693
Patrick van Aanholt,Crystal Palace,2,139,30.0,5.4,2.1741421
Pierre-Emile Højbjerg,Tottenham,3,396,30.0,4.9,2.1726172
Jacob Ramsey,Aston Villa,3,554,30.0,4.5,2.1507409
Mohammed Salisu,Southampton,2,479,30.0,4.3,2.145707
Enda Stevens,Sheffield United,2,347,30.0,5.0,2.1451747
Ross Barkley,Aston Villa,3,106,30.0,5.9,2.1407385
Thiago Alcántara do Nascimento,Liverpool,3,531,30.0,5.6,2.1278687
Ben Davies,Tottenham,2,395,30.0,4.6,2.0739408
Joachim Andersen,Fulham,2,571,30.0,4.5,2.069566
John Lundstram,Sheffield United,3,355,30.0,4.9,2.0650558
Nemanja Matic,Manchester United,3,295,30.0,4.7,2.0637896
Pascal Struijk,Leeds,2,211,30.0,4.0,2.054509
Josh Brownhill,Burnley,3,98,30.0,4.9,2.0395367
Cheikhou Kouyaté,Crystal Palace,3,133,30.0,4.8,2.00596
Rhian Brewster,Sheffield United,4,262,30.0,4.4,1.9957163
Ciaran Clark,Newcastle United,2,324,30.0,4.5,1.9936371
Craig Dawson,West Ham,2,576,30.0,4.5,1.9905546
Issa Diop,West Ham,2,451,30.0,4.3,1.9905546
Joel Ward,Crystal Palace,2,134,30.0,4.3,1.946502
Marvelous Nakamba,Aston Villa,3,44,30.0,4.3,1.9346241
Jack Cork,Burnley,3,84,30.0,5.0,1.932019
Hélder Wander Sousa de Azevedo e Costa,Leeds,3,205,30.0,5.0,1.9319547
Oliver Norwood,Sheffield United,3,349,30.0,4.5,1.925777
Kyle Bartley,West Bromwich Albion,2,412,30.0,4.4,1.9158624
Ademola Lookman,Fulham,3,557,30.0,5.0,1.9084163
Marc Albrighton,Leicester,3,221,30.0,5.2,1.9051741
Curtis Jones,Liverpool,3,263,30.0,4.4,1.8959705
Dara O'Shea,West Bromwich Albion,2,425,30.0,4.2,1.8903993
Christian Pulisic,Chelsea,3,119,30.0,8.2,1.8807377
Aaron Connolly,Brighton,4,78,30.0,5.2,1.8618746
Jack Harrison,Leeds,3,203,30.0,5.4,1.8347931
Ben Johnson,West Ham,2,452,30.0,3.9,1.8230964
Darnell Furlong,West Bromwich Albion,2,422,30.0,4.5,1.8203181
Matt Phillips,West Bromwich Albion,3,411,30.0,5.1,1.8184253
Mohamed Naser El Sayed Elneny,Arsenal,3,526,30.0,4.2,1.7950759
Darren Randolph,West Ham,1,430,30.0,4.3,1.7471693
Emil Krafth,Newcastle United,2,333,30.0,4.2,1.732782
Wilfred Ndidi,Leicester,3,236,30.0,4.8,1.7297106
Allan Marques Loureiro,Everton,3,502,30.0,5.2,1.7144284
Ola Aina,Fulham,2,562,30.0,4.5,1.7126031
Conor Townsend,West Bromwich Albion,2,418,30.0,4.4,1.7029369
Eric Bailly,Manchester United,2,310,30.0,4.8,1.7002354
Gary Cahill,Crystal Palace,2,125,30.0,4.5,1.699268
Tosin Adarabioyo,Fulham,2,572,30.0,4.5,1.6758476
Scott McTominay,Manchester United,3,309,30.0,4.9,1.6669292
Harrison Reed,Fulham,3,373,30.0,4.4,1.6372764
Phil Foden,Manchester City,3,284,30.0,6.1,1.6123264
Hamza Choudhury,Leicester,3,234,30.0,4.7,1.6008856
Mateo Kovacic,Chelsea,3,107,30.0,5.3,1.581633
Daniel Amartey,Leicester,2,227,30.0,3.9,1.565807
Ivan Ricardo Neves Abreu Cavaleiro,Fulham,3,187,30.0,5.3,1.5633458
Alex Iwobi,Everton,3,159,30.0,5.9,1.5472615
Olivier Giroud,Chelsea,4,103,30.0,6.7,1.5464746
Jacob Murphy,Newcastle United,3,497,30.0,4.9,1.5433111
Callum Hudson-Odoi,Chelsea,3,122,30.0,5.7,1.5355555
Sergio Reguilón,Tottenham,2,542,30.0,5.5,1.5140018
Nampalys Mendy,Leicester,3,518,30.0,4.2,1.508034
Antonee Robinson,Fulham,2,484,30.0,4.4,1.48813
Danny Welbeck,Brighton,4,588,30.0,5.5,1.4784081
Adam Lallana,Brighton,3,54,30.0,6.2,1.4779215
Jarrod Bowen,West Ham,3,445,30.0,6.0,1.466115
Jonathan Castro Otto,Wolverhampton Wanderers,2,462,30.0,5.4,1.457541
James McCarthy,Crystal Palace,3,131,30.0,4.3,1.4569138
Serge Aurier,Tottenham,2,389,30.0,5.2,1.447492
Fabio Silva,Wolverhampton Wanderers,4,504,30.0,5.2,1.4467307
Alexis Mac Allister,Brighton,3,80,30.0,5.3,1.4182358
Daniel James,Manchester United,3,311,30.0,6.2,1.4172971
Aleksandar Mitrović,Fulham,4,184,30.0,5.5,1.3847119
Moussa Sissoko,Tottenham,3,385,30.0,4.7,1.3843268
Nathan Tella,Southampton,3,524,30.0,4.3,1.3832861
Alex Oxlade-Chamberlain,Liverpool,3,248,30.0,6.3,1.381344
Emile Smith Rowe,Arsenal,3,23,30.0,4.3,1.3655386
Kai Havertz,Chelsea,3,500,30.0,8.2,1.3634835
Robert Snodgrass,West Bromwich Albion,3,428,30.0,5.6,1.3244095
Sergio Agüero,Manchester City,4,268,30.0,10.3,1.3065673
Erik Lamela,Tottenham,3,387,30.0,5.7,1.2606646
Matt Ritchie,Newcastle United,3,322,30.0,4.9,1.2029053
Oliver Burke,Sheffield United,3,424,30.0,4.2,1.190041
Keinan Davis,Aston Villa,4,50,30.0,4.3,1.1831958
Oliver McBurnie,Sheffield United,4,357,30.0,5.6,1.1640553
David de Gea,Manchester United,1,291,30.0,5.3,1.1585679
Ezgjan Alioski,Leeds,2,201,30.0,4.4,1.1241914
André-Frank Zambo Anguissa,Fulham,3,191,30.0,4.5,1.0971233
Hal Robson-Kanu,West Bromwich Albion,4,408,30.0,5.2,1.0961144
Jay Rodriguez,Burnley,4,86,30.0,5.8,1.079893
Xherdan Shaqiri,Liverpool,3,247,30.0,6.4,1.0468951
Phil Jagielka,Sheffield United,2,529,30.0,3.9,1.0413165
Héctor Bellerín,Arsenal,2,11,30.0,5.1,0.9949266
Jack Grealish,Aston Villa,3,37,30.0,7.6,0.95413774
Ben Osborn,Sheffield United,3,356,30.0,4.7,0.94404316
Jairo Riedewald,Crystal Palace,3,144,30.0,4.4,0.93043274
Saïd Benrahma,West Ham,3,587,30.0,6.0,0.90798867
Pablo Hernández Domínguez,Leeds,3,193,30.0,5.7,0.9036699
Jeffrey Schlupp,Crystal Palace,3,142,30.0,5.3,0.8949939
James Milner,Liverpool,3,241,30.0,5.3,0.8757492
Mahmoud Ahmed Ibrahim Hassan,Aston Villa,3,40,30.0,5.2,0.86616457
Marcos Alonso,Chelsea,2,104,30.0,5.7,0.84371454
Oleksandr Zinchenko,Manchester City,2,283,30.0,5.5,0.8421066
Thiago Thiago,Chelsea,2,490,30.0,5.6,0.8204436
Anthony Martial,Manchester United,4,303,30.0,8.7,0.8188428
Kurt Zouma,Chelsea,2,110,30.0,5.4,0.8093792
Matthew Cash,Aston Villa,2,496,30.0,5.0,0.80323285
Wesley Fofana,Leicester,2,561,30.0,5.0,0.7984184
Fernando Luiz Rosa,Manchester City,2,266,30.0,5.4,0.79383993
Takumi Minamino,Southampton,3,258,30.0,6.0,0.779733
Victor Lindelöf,Manchester United,2,308,30.0,4.8,0.7475829
Adrián San Miguel del Castillo,Liverpool,1,245,30.0,4.2,0.7454476
Ferran Torres,Manchester City,3,287,30.0,6.9,0.73607445
Karl Darlow,Newcastle United,1,325,30.0,5.0,0.7302287
Tammy Abraham,Chelsea,4,118,30.0,7.1,0.7247395
Daniel N'Lundulu,Southampton,4,590,30.0,4.5,0.7079961
Jordan Henderson,Liverpool,3,244,30.0,5.4,0.7066773
Alex McCarthy,Southampton,1,363,30.0,4.5,0.68856853
James Rodríguez,Everton,3,508,30.0,7.7,0.6787317
Callum Wilson,Newcastle United,4,506,30.0,6.5,0.6770801
Paul Pogba,Manchester United,3,296,30.0,7.6,0.67151636
James Maddison,Leicester,3,231,30.0,7.3,0.66708183
Douglas Luiz Soares de Paulo,Aston Villa,3,52,30.0,4.9,0.6567811
Gabriel Magalhães,Arsenal,2,494,30.0,4.9,0.6540833
Raúl Jiménez,Wolverhampton Wanderers,4,460,30.0,8.1,0.6536662
Joel Matip,Liverpool,2,246,30.0,5.4,0.6523306
Theo Walcott,Southampton,3,148,30.0,5.8,0.6520578
Willy Boly,Wolverhampton Wanderers,2,458,30.0,5.4,0.63491863
Yerry Mina,Everton,2,162,30.0,5.5,0.6311006
Rodrigo Moreno,Leeds,4,492,30.0,5.7,0.6275289
Daniel Ceballos Fernández,Arsenal,3,501,30.0,4.7,0.62679154
Jack Stephens,Southampton,2,367,30.0,4.6,0.6198309
Kyle Walker-Peters,Southampton,2,375,30.0,4.7,0.61144143
Chris Basham,Sheffield United,2,345,30.0,4.6,0.60708916
Cengiz Ünder,Leicester,3,541,30.0,5.7,0.5989301
Daniel Castelo Podence,Wolverhampton Wanderers,3,469,30.0,5.3,0.5818069
Oriol Romeu Vidal,Southampton,3,364,30.0,4.5,0.5812493
Divock Origi,Liverpool,4,256,30.0,5.1,0.5631938
Mesut Özil,Arsenal,3,1,30.0,6.7,0.55698025
Billy Sharp,Sheffield United,4,343,30.0,5.5,0.5563841
Jonny Evans,Leicester,2,219,30.0,5.5,0.5516647
Bobby Decordova-Reid,Fulham,4,181,30.0,5.3,0.54833543
Seamus Coleman,Everton,2,152,30.0,4.8,0.5471841
Kalvin Phillips,Leeds,3,204,30.0,4.9,0.5425466
Bruno André Cavaco Jordao,Wolverhampton Wanderers,3,475,30.0,4.3,0.53519547
Steven Bergwijn,Tottenham,3,400,30.0,7.0,0.51655066
Donny van de Beek,Manchester United,3,495,30.0,6.6,0.5081353
Benjamin Mendy,Manchester City,2,274,30.0,5.9,0.5074736
Nathan Aké,Manchester City,2,279,30.0,5.4,0.5074736
Shane Long,Southampton,4,361,30.0,5.1,0.50002503
Joseph Gomez,Liverpool,2,260,30.0,5.2,0.49598262
Ayoze Pérez,Leicester,3,229,30.0,6.0,0.49566486
Edward Nketiah,Arsenal,4,22,30.0,5.4,0.4931588
John Egan,Sheffield United,2,353,30.0,4.7,0.4916754
Rob Holding,Arsenal,2,16,30.0,4.4,0.48506063
Conor Hourihane,Aston Villa,3,33,30.0,5.9,0.48368096
Virgil van Dijk,Liverpool,2,250,30.0,6.2,0.48105058
Eric Dier,Tottenham,2,391,30.0,4.9,0.47577673
Jed Steer,Aston Villa,1,32,30.0,3.9,0.46907914
Alex Nicolao Telles,Manchester United,2,568,30.0,5.4,0.45857996
Naby Keita,Liverpool,3,261,30.0,5.2,0.45518938
Robin Koch,Leeds,2,491,30.0,4.3,0.4540051
Lukasz Fabianski,West Ham,1,431,30.0,5.0,0.4516083
Reiss Nelson,Arsenal,3,21,30.0,5.1,0.4467156
Federico Fernández,Newcastle United,2,323,30.0,4.7,0.44038382
Solomon March,Brighton,3,65,30.0,5.0,0.43797553
Joe Bryan,Fulham,2,182,30.0,4.6,0.43418887
Yan Valery,Southampton,2,378,30.0,4.7,0.42682898
Kenny Tete,Fulham,2,517,30.0,4.3,0.41271195
José Ignacio Peleteiro Romallo,Aston Villa,3,34,30.0,5.9,0.4120109
Giovani Lo Celso,Tottenham,3,403,30.0,6.9,0.41190785
Adam Webster,Brighton,2,66,30.0,4.3,0.40962476
Oluwasemilogo Adesewo Ibidapo Ajayi,West Bromwich Albion,2,419,30.0,4.8,0.40746006
Wilfried Zaha,Crystal Palace,3,141,30.0,7.1,0.4070309
Sofiane Boufal,Southampton,3,372,30.0,5.4,0.40494934
Kepa Arrizabalaga,Chelsea,1,112,30.0,4.7,0.40413207
Tariq Lamptey,Brighton,2,77,30.0,4.6,0.39997602
Juan Mata,Manchester United,3,290,30.0,5.8,0.39883128
Callum Robinson,West Bromwich Albion,4,358,30.0,5.3,0.39833352
Ashley Barnes,Burnley,4,87,30.0,6.0,0.39076635
Mbwana Samatta,Aston Villa,4,49,30.0,5.9,0.38224322
Wesley Moraes,Aston Villa,4,48,30.0,6.0,0.38224322
Alireza Jahanbakhsh,Brighton,3,71,30.0,5.4,0.3819313
Angus Gunn,Southampton,1,371,30.0,4.3,0.38167214
Steven Alzate,Brighton,3,79,30.0,4.2,0.36804104
Tom Davies,Everton,3,163,30.0,5.2,0.3587129
Gabriel Teodoro Martinelli Silva,Arsenal,3,26,30.0,4.9,0.35395777
Kortney Hause,Aston Villa,2,39,30.0,4.4,0.3501584
Fikayo Tomori,Chelsea,2,121,30.0,4.7,0.34739226
Willy Caballero,Chelsea,1,101,30.0,4.6,0.33090204
Jake Vokins,Southampton,2,380,30.0,3.9,0.3278348
Robbie Brady,Burnley,3,95,30.0,5.0,0.3272588
Michael Obafemi,Southampton,4,381,30.0,4.6,0.32699862
Michy Batshuayi,Crystal Palace,4,108,30.0,5.7,0.32494488
James McArthur,Crystal Palace,3,130,30.0,5.2,0.3222846
Mathew Ryan,Arsenal,1,70,30.0,4.2,0.32136506
Dale Stephens,Burnley,3,55,30.0,4.2,0.31348258
Rayan Ait Nouri,Wolverhampton Wanderers,2,563,30.0,5.0,0.31127548
Jeff Hendrick,Newcastle United,3,485,30.0,4.5,0.3099567
Sead Kolasinac,Arsenal,2,14,30.0,4.8,0.30950782
Sokratis Papastathopoulos,Arsenal,2,2,30.0,4.8,0.30950782
Nicolás Otamendi,Manchester City,2,269,30.0,4.9,0.30386966
Grady Diangana,West Bromwich Albion,3,446,30.0,5.0,0.30068937
Emerson Palmieri dos Santos,Chelsea,2,111,30.0,4.7,0.3004145
Neil Taylor,Aston Villa,2,31,30.0,4.2,0.29340172
Dennis Praet,Leicester,3,225,30.0,5.2,0.29331508
Eric Garcia,Manchester City,2,288,30.0,4.7,0.2846262
Andy Carroll,Newcastle United,4,320,30.0,5.1,0.28312233
Shkodran Mustafi,Arsenal,2,7,30.0,5.0,0.2718915
Sébastien Haller,West Ham,4,441,30.0,6.1,0.27145767
Fabian Schär,Newcastle United,2,334,30.0,4.9,0.26833856
Erik Pieters,Burnley,2,83,30.0,4.3,0.26786852
Harry Wilson,Liverpool,3,257,30.0,5.1,0.26769045
Johann Berg Gudmundsson,Burnley,3,90,30.0,5.4,0.26711395
Bjorn Engels,Aston Villa,2,36,30.0,4.4,0.26291418
Karlan Grant,West Bromwich Albion,4,582,30.0,5.7,0.26076934
Lucas Torreira,Arsenal,3,19,30.0,4.7,0.24944703
Matteo Guendouzi,Arsenal,3,25,30.0,4.7,0.24944703
Frédéric Guilbert,Aston Villa,2,47,30.0,4.3,0.24642397
Tom Heaton,Aston Villa,1,28,30.0,4.5,0.24642397
Christian Atsu,Newcastle United,3,330,30.0,5.2,0.24478637
Fernando Marçal,Wolverhampton Wanderers,2,505,30.0,4.7,0.2440673
Odion Ighalo,Manchester United,4,293,30.0,6.1,0.24394545
Lys Mousset,Sheffield United,4,359,30.0,5.8,0.2438974
Neco Williams,Liverpool,2,264,30.0,3.8,0.24310614
Angelo Ogbonna,West Ham,2,432,30.0,4.8,0.24278788
William Saliba,Arsenal,2,27,30.0,4.0,0.2393367
Ørjan Nyland,Aston Villa,1,35,30.0,4.0,0.23893219
Harry Winks,Tottenham,3,397,30.0,5.1,0.23382823
Liam Delap,Manchester City,4,539,30.0,4.3,0.23185892
Sander Berge,Sheffield United,3,360,30.0,4.9,0.23107086
Moise Kean,Everton,4,169,30.0,5.7,0.22757505
Josh Sims,Southampton,3,374,30.0,4.3,0.22438207
William Smallbone,Southampton,3,379,30.0,4.4,0.22438207
Indiana Vassilev,Aston Villa,4,51,30.0,4.3,0.22208261
Henri Lansbury,Aston Villa,3,30,30.0,4.3,0.22136283
José Izquierdo,Brighton,3,72,30.0,5.5,0.21395707
Leif Davis,Leeds,2,214,30.0,3.9,0.20909098
Zack Steffen,Manchester City,1,538,30.0,4.4,0.20898192
John Ruddy,Wolverhampton Wanderers,1,453,30.0,4.3,0.20404112
Calum Chambers,Arsenal,2,13,30.0,4.5,0.20383713
Billy Gilmour,Chelsea,3,124,30.0,4.4,0.20127958
Jimmy Dunne,Burnley,2,519,30.0,3.8,0.19904518
Tom Cairney,Fulham,3,175,30.0,5.2,0.19855012
Chris Smalling,Manchester United,2,292,30.0,4.9,0.19450802
Rúnar Alex Rúnarsson,Arsenal,1,547,30.0,4.4,0.1873469
Arthur Masuaku,West Ham,2,442,30.0,4.3,0.18445203
Sean Longstaff,Newcastle United,3,480,30.0,4.7,0.18393044
Sergio Romero,Manchester United,1,289,30.0,4.9,0.1780178
DeAndre Yedlin,Newcastle United,2,335,30.0,4.3,0.17597257
Javier Manquillo,Newcastle United,2,332,30.0,4.2,0.17597257
Brandon Williams,Manchester United,2,318,30.0,4.2,0.17343137
Scott Dann,Crystal Palace,2,486,30.0,4.3,0.16971315
Fabián Balbuena,West Ham,2,443,30.0,4.2,0.16796187
Kamil Grosicki,West Bromwich Albion,3,410,30.0,5.2,0.16207615
Dwight Gayle,Newcastle United,4,329,30.0,5.9,0.1604854
Japhet Tanganga,Tottenham,2,402,30.0,4.9,0.15743227
Romaine Sawyers,West Bromwich Albion,3,413,30.0,4.6,0.15740967
Joe Hart,Tottenham,1,482,30.0,4.3,0.15649997
Paulo Gazzaniga,Tottenham,1,393,30.0,4.3,0.15649997
Demarai Gray,Leicester,3,230,30.0,5.1,0.15511227
Claudio Bravo,Manchester City,1,267,30.0,4.5,0.15487547
Andreas Pereira,Manchester United,3,304,30.0,4.8,0.15378252
Manuel Lanzini,West Ham,3,439,30.0,6.4,0.15163347
Timothy Fosu-Mensah,Manchester United,2,312,30.0,4.3,0.14401737
Cenk Tosun,Everton,4,153,30.0,6.0,0.14298104
Tommy Doyle,Manchester City,3,285,30.0,4.4,0.14198281
Danny Rose,Tottenham,2,384,30.0,4.7,0.13818891
Fabricio Agosto Ramírez,Fulham,1,171,30.0,3.9,0.13763656
Ian Carlo Poveda-Ocampo,Leeds,3,209,30.0,4.2,0.13420048
Mark Gillespie,Newcastle United,1,488,30.0,4.3,0.12899484
Carlos Vinicius Alves Morais,Tottenham,4,564,30.0,6.9,0.12857707
Kevin Long,Burnley,2,85,30.0,4.3,0.12721923
Phil Bardsley,Burnley,2,82,30.0,4.4,0.12721923
James Justin,Leicester,2,239,30.0,4.9,0.12565678
Jamie Shackleton,Leeds,3,210,30.0,4.8,0.12092571
Jack O'Connell,Sheffield United,2,354,30.0,4.7,0.11927298
Aaron Mooy,Brighton,3,60,30.0,5.0,0.117636986
Charlie Austin,West Bromwich Albion,4,415,30.0,5.1,0.11474485
Matthew Longstaff,Newcastle United,3,487,30.0,4.8,0.11441242
Rolando Aarons,Newcastle United,3,337,30.0,4.8,0.11441242
José Diogo Dalot Teixeira,Manchester United,2,314,30.0,4.8,0.11056571
Marcos Rojo,Manchester United,2,294,30.0,4.8,0.11056571
Phil Jones,Manchester United,2,297,30.0,4.8,0.11056571
Davy Pröpper,Brighton,3,59,30.0,4.8,0.10942962
Ryan Sessegnon,Tottenham,2,399,30.0,4.7,0.10835303
Andriy Yarmolenko,West Ham,3,436,30.0,5.5,0.1082233
Felipe Anderson Pereira Gomes,West Ham,3,440,30.0,6.1,0.1082233
Jean-Philippe Gbamin,Everton,3,161,30.0,5.0,0.10749762
Luke Freeman,Sheffield United,3,477,30.0,5.0,0.10567494
Adam Forshaw,Leeds,3,199,30.0,4.8,0.104435496
Yoshinori Muto,Newcastle United,4,341,30.0,4.8,0.1029949
Bernardo Fernandes da Silva Junior,Brighton,2,75,30.0,3.9,0.102613494
Max Kilman,Wolverhampton Wanderers,2,470,30.0,4.0,0.09903261
Jonjoe Kenny,Everton,2,160,30.0,4.3,0.09889507
Axel Tuanzebe,Manchester United,2,307,30.0,4.2,0.09661781
Florian Lejeune,Newcastle United,2,327,30.0,4.3,0.091378614
Paul Dummett,Newcastle United,2,331,30.0,4.4,0.091378614
Kelland Watts,Newcastle United,2,342,30.0,3.9,0.09079727
Jack Robinson,Sheffield United,2,352,30.0,4.2,0.09060636
Ibrahima Diallo,Southampton,3,565,30.0,4.5,0.09050833
Luke Thomas,Leicester,2,240,30.0,4.2,0.08490276
Jonas Lössl,Everton,1,151,30.0,4.3,0.082404874
Robin Olsen,Everton,1,573,30.0,4.5,0.082404874
Harvey Elliott,Liverpool,3,265,30.0,4.3,0.08069649
Juan Foyth,Tottenham,2,406,30.0,4.3,0.079686396
Glenn Murray,Brighton,4,53,30.0,4.8,0.074941374
Tyrick Mitchell,Crystal Palace,2,146,30.0,3.8,0.07304154
Martín Montoya,Brighton,2,63,30.0,4.5,0.07283626
Ryan Bennett,Wolverhampton Wanderers,2,456,30.0,4.4,0.0700495
Max Lowe,Sheffield United,2,511,30.0,4.3,0.06948038
Aboubakar Kamara,Fulham,3,190,30.0,4.8,0.06817616
Jake Livermore,West Bromwich Albion,3,409,30.0,4.7,0.066184714
Jarrad Branthwaite,Everton,2,170,30.0,3.9,0.06347335
Joe Rodon,Tottenham,2,584,30.0,5.0,0.060822837
Fabian Delph,Everton,3,149,30.0,4.8,0.058864973
Shane Duffy,Brighton,2,58,30.0,4.3,0.056346036
Simon Moore,Sheffield United,1,348,30.0,4.3,0.055700537
Marek Rodák,Fulham,1,186,30.0,4.3,0.053862926
Terence Kongolo,Fulham,2,585,30.0,4.3,0.049221944
Josh Onomah,Fulham,3,188,30.0,4.6,0.040725417
Meritan Shabani,Wolverhampton Wanderers,3,553,30.0,4.4,0.039520796
Ryan Fredericks,West Ham,2,438,30.0,4.2,0.039501216
Branislav Ivanovic,West Bromwich Albion,2,530,30.0,4.4,0.038512215
Gedson Carvalho Fernandes,Tottenham,3,401,30.0,4.7,0.037884776
Mark Noble,West Ham,3,427,30.0,4.5,0.03748517
Michael Hector,Fulham,2,178,30.0,4.1,0.03546836
Rúben Gonçalo Silva Nascimento Vinagre,Wolverhampton Wanderers,2,471,30.0,4.1,0.034627747
Anthony Knockaert,Fulham,3,177,30.0,5.0,0.034122255
Nathaniel Clyne,Crystal Palace,2,577,30.0,4.5,0.031510405
Anthony Gordon,Everton,3,168,30.0,4.3,0.029078413
Vitor Ferreira,Wolverhampton Wanderers,3,515,30.0,4.7,0.024685528
Christian Fuchs,Leicester,2,218,30.0,4.5,0.024334634
James Garner,Manchester United,3,317,30.0,4.4,0.021838443
Tahith Chong,Manchester United,3,316,30.0,4.4,0.021838443
Léo Bonatini,Wolverhampton Wanderers,4,463,30.0,4.8,0.021377677
Jean Michaël Seri,Fulham,3,189,30.0,4.6,0.01487888
Kevin McDonald,Fulham,3,172,30.0,4.7,0.01487888
Neeskens Kebano,Fulham,3,180,30.0,4.7,0.01487888
Stefan Johansen,Fulham,3,174,30.0,4.7,0.01487888
Filip Krovinovic,West Bromwich Albion,3,555,30.0,4.9,0.014138503
Sam Field,West Bromwich Albion,3,423,30.0,4.8,0.014138503
Rekeem Harper,West Bromwich Albion,3,426,30.0,4.3,0.013206227
Oskar Buur,Wolverhampton Wanderers,2,467,30.0,3.9,0.012762355
Morgan Gibbs-White,Wolverhampton Wanderers,3,473,30.0,4.9,0.012677209
Maxime Le Marchand,Fulham,2,173,30.0,4.1,0.009621855
Kieran Gibbs,West Bromwich Albion,2,407,30.0,4.3,0.008431455
Jordan Hugill,West Ham,4,444,30.0,5.5,0.007859019
Danny Ward,Leicester,1,223,30.0,4.3,0.007844413
Alfie Mawson,Fulham,2,185,30.0,4.3,0.0068852124
Cyrus Christie,Fulham,2,179,30.0,4.2,0.0068852124
Denis Odoi,Fulham,2,525,30.0,4.2,0.0068852124
Marcus Bettinelli,Fulham,1,183,30.0,4.3,0.0068852124
Tim Ream,Fulham,2,176,30.0,4.2,0.0068852124
Zeze Steven Sessegnon,Fulham,2,192,30.0,4.3,0.0068852124
Wayne Hennessey,Crystal Palace,1,126,30.0,4.3,0.0044227545
Adrien Silva,Leicester,3,220,30.0,4.4,0.0036616796
Martin Kelly,Crystal Palace,2,135,30.0,4.1,0.00044099288
Ben Gibson,Burnley,2,94,30.0,3.9,-0.0021578665
Will Norris,Burnley,1,583,30.0,4.0,-0.0021578665
Kyle Edwards,West Bromwich Albion,3,421,30.0,4.7,-0.00510487
David Button,West Bromwich Albion,1,56,30.0,4.0,-0.010697307
Albian Ajeti,West Ham,4,447,30.0,5.5,-0.02197689
Wes Morgan,Leicester,2,216,30.0,4.4,-0.022643106
Oliver Skipp,Tottenham,3,404,30.0,4.4,-0.028398043
Kenneth Zohore,West Bromwich Albion,4,416,30.0,4.8,-0.032119393
Jonathan Leko,West Bromwich Albion,3,420,30.0,4.5,-0.033771478
Ahmed El-Sayed Hegazy,West Bromwich Albion,2,414,30.0,4.1,-0.035809636
Mamadou Sakho,Crystal Palace,2,127,30.0,4.4,-0.04255495
Matty James,Leicester,3,222,30.0,4.3,-0.042664446
Max Meyer,Crystal Palace,3,143,30.0,4.7,-0.043953914
Harvey Barnes,Leicester,3,235,30.0,6.9,-0.046572685
Islam Slimani,Leicester,4,579,30.0,4.9,-0.051746935
Brandon Pierrick,Crystal Palace,3,147,30.0,4.3,-0.06892761
Jack Butland,Crystal Palace,1,586,30.0,4.5,-0.0773953
James Tomkins,Crystal Palace,2,129,30.0,4.4,-0.0773953
David Martin,West Ham,1,429,30.0,4.0,-0.09881754
Jack Wilshere,West Ham,3,434,30.0,4.9,-0.10609304
Connor Wickham,Crystal Palace,4,136,30.0,4.4,-0.10718408
Roberto Jimenez Gago,West Ham,1,433,30.0,4.5,-0.10898251
Florin Andone,Brighton,4,64,30.0,4.8,-0.13873984
